fråga;källa;år
Är Mount Everest högre eller lägre än K2?;https://en.wikipedia.org/wiki/Mount_Everest ; https://en.wikipedia.org/wiki/K2;2020
Är Nilen längre eller kortare än Amazonfloden?;https://www.britannica.com/science/worlds-longest-rivers-2225894;2024
Har Vietnam större eller mindre yta än Japan?;https://en.wikipedia.org/wiki/List_of_Asian_countries_by_area;2023
Är Aconcagua högre eller lägre än Denali?;https://en.wikipedia.org/wiki/Aconcagua ; https://en.wikipedia.org/wiki/Denali;2024
Har Norge större eller mindre yta än Finland?;https://en.wikipedia.org/wiki/Geography_of_Norway ; https://en.wikipedia.org/wiki/Geography_of_Finland;2023
Har Sverige större eller mindre yta än Spanien?;https://en.wikipedia.org/wiki/Geography_of_Sweden ; https://en.wikipedia.org/wiki/Geography_of_Spain;2023
Är Mont Blanc högre eller lägre än Aconcagua?;https://en.wikipedia.org/wiki/Mont_Blanc ; https://en.wikipedia.org/wiki/Aconcagua;2024
Är Kilimanjaro högre eller lägre än Mount Everest?;https://en.wikipedia.org/wiki/Mount_Kilimanjaro ; https://en.wikipedia.org/wiki/Mount_Everest;2020
Är Donau längre eller kortare än Mississippi?;https://www.britannica.com/place/Danube-River ; https://en.wikipedia.org/wiki/Mississippi_River;2023
Är Rhen längre eller kortare än Donau?;https://en.wikipedia.org/wiki/Rhine ; https://www.britannica.com/place/Danube-River;2023
Är Empire State Building högre eller lägre än CN-tornet?;https://en.wikipedia.org/wiki/Empire_State_Building ; https://en.wikipedia.org/wiki/CN_Tower;2023
Är Eiffeltornet högre eller lägre än Shanghai Tower?;https://en.wikipedia.org/wiki/Eiffel_Tower ; https://en.wikipedia.org/wiki/Shanghai_Tower;2023
Är CN-tornet högre eller lägre än Burj Khalifa?;https://en.wikipedia.org/wiki/CN_Tower ; https://www.guinnessworldrecords.com/records/hall-of-fame/burj-khalifa-tallest-building-in-the-world;2023
Har Huronsjön större eller mindre yta än Övre sjön?;https://www.worldatlas.com/lakes/the-great-lakes-ranked-by-size.html;2023
Har Michigansjön större eller mindre yta än Eriesjön?;https://www.worldatlas.com/lakes/the-great-lakes-ranked-by-size.html;2023
Är Puerto Rico-graven djupare eller grundare än Marianergraven?;https://www.britannica.com/place/Milwaukee-Depth ; https://en.wikipedia.org/wiki/Mariana_Trench;2023
Är Victoriafallen högre eller lägre än Niagarafallen?;https://min-eng.blogspot.com/2016/08/comparing-worlds-three-greatest.html;2016
Är Yangtzefloden längre eller kortare än Donau?;https://www.britannica.com/place/Yangtze-River ; https://www.britannica.com/place/Danube-River;2023
Har Sahara större eller mindre yta än Gobiöknen?;https://en.wikipedia.org/wiki/Sahara ; https://www.worldatlas.com/geography/the-10-largest-deserts-in-the-world.html;2023
Är avståndet Oslo–Stockholm längre eller kortare än Oslo–Helsingfors?;https://www.distance.to/Oslo/Stockholm ; https://www.distance.to/Oslo/Helsinki;2024
Har Vänern större eller mindre yta än Vättern?;https://en.wikipedia.org/wiki/V%C3%A4nern ; https://en.wikipedia.org/wiki/V%C3%A4ttern;2023
Har Madagaskar större eller mindre yta än Grönland?;https://www.britannica.com/topic/worlds-largest-islands-2228256;2023
Har Baikalsjön större eller mindre yta än Övre sjön?;https://en.wikipedia.org/wiki/Lake_Baikal ; https://www.worldatlas.com/lakes/the-great-lakes-ranked-by-size.html;2023
Har Sicilien större eller mindre yta än Island?;https://en.wikipedia.org/wiki/List_of_European_islands_by_area;2023
Har Eriesjön större eller mindre yta än Övre sjön?;https://www.worldatlas.com/lakes/the-great-lakes-ranked-by-size.html;2023
Har Grönland större eller mindre yta än Borneo?;https://www.britannica.com/topic/worlds-largest-islands-2228256 ; https://en.wikipedia.org/wiki/Borneo;2023
Har Arabiska öknen större eller mindre yta än Gobiöknen?;https://en.wikipedia.org/wiki/Arabian_Desert ; https://www.worldatlas.com/geography/the-10-largest-deserts-in-the-world.html;2023
Har Gotland större eller mindre yta än Sicilien?;https://en.wikipedia.org/wiki/List_of_European_islands_by_area;2023
Har Island större eller mindre yta än Grönland?;https://www.britannica.com/topic/worlds-largest-islands-2228256;2023
Är Angel Falls högre eller lägre än Niagarafallen?;https://en.wikipedia.org/wiki/Angel_Falls ; https://min-eng.blogspot.com/2016/08/comparing-worlds-three-greatest.html;2016
Är Bajkalsjön djupare eller grundare än Tanganyikasjön?;https://www.britannica.com/story/9-of-the-worlds-deepest-lakes;2024
Är Tanganyikasjön djupare eller grundare än Kaspiska havet?;https://www.britannica.com/story/9-of-the-worlds-deepest-lakes;2024
Har Stilla havet större eller mindre yta än Atlanten?;https://www.worldatlas.com/articles/the-oceans-of-the-world-by-size.html;2023
Har Indiska oceanen större eller mindre yta än Norra ishavet?;https://www.worldatlas.com/articles/the-oceans-of-the-world-by-size.html;2023
Är Matterhorn högre eller lägre än Eiger?;https://en.wikipedia.org/wiki/Matterhorn ; https://en.wikipedia.org/wiki/Eiger;2024
Är Jungfrau högre eller lägre än Grossglockner?;https://en.wikipedia.org/wiki/Jungfrau ; https://en.wikipedia.org/wiki/Grossglockner;2024
Är Zugspitze högre eller lägre än Galdhøpiggen?;https://en.wikipedia.org/wiki/Zugspitze ; https://jotunheimen.com/places/galdhoepiggen/;2024
Är Volga längre eller kortare än Eufrat?;https://en.wikipedia.org/wiki/Volga ; https://en.wikipedia.org/wiki/Euphrates;2023
Är Mekong längre eller kortare än Niger?;https://en.wikipedia.org/wiki/Mekong ; https://en.wikipedia.org/wiki/Niger_River;2023
Är Zambezi längre eller kortare än Seine?;https://en.wikipedia.org/wiki/Zambezi ; https://en.wikipedia.org/wiki/Seine;2023
Är Tugelafallen högre eller lägre än Yosemitefallen?;https://www.worldwaterfalldatabase.com/waterfall/Tugela-Falls-2 ; https://en.wikipedia.org/wiki/Yosemite_Falls;2023
Har Nya Guinea större eller mindre yta än Sumatra?;https://www.britannica.com/topic/worlds-largest-islands-2228256;2023
Har Honshu större eller mindre yta än Storbritannien?;https://www.britannica.com/topic/worlds-largest-islands-2228256;2023
Har Java större eller mindre yta än Sulawesi?;https://www.britannica.com/topic/worlds-largest-islands-2228256;2023
Har Medelhavet större eller mindre yta än Karibiska havet?;https://en.wikipedia.org/wiki/Mediterranean_Sea ; https://en.wikipedia.org/wiki/Caribbean_Sea;2024
Har Östersjön större eller mindre yta än Svarta havet?;https://itameri.fi/en/nature-and-how-it-changes/the-baltic-sea-in-numbers/ ; https://www.britannica.com/place/Black-Sea;2023
Har Röda havet större eller mindre yta än Nordsjön?;https://en.wikipedia.org/wiki/Red_Sea ; https://www.britannica.com/place/North-Sea;2023
Har Kalahariöknen större eller mindre yta än Patagoniska öknen?;https://www.britannica.com/topic/worlds-largest-deserts-2225895;2023
Har Stora Victoriaöknen större eller mindre yta än Syriska öknen?;https://www.britannica.com/topic/worlds-largest-deserts-2225895;2023
Har Karakumöknen större eller mindre yta än Stora Victoriaöknen?;https://en.wikipedia.org/wiki/Karakum_Desert ; https://www.britannica.com/topic/worlds-largest-deserts-2225895;2023
Har Polen större eller mindre befolkning än Portugal? (2024);https://statisticstimes.com/demographics/country/poland-demographics.php ; https://www.populationpyramid.net/portugal/2024/;2024
Har Sverige större eller mindre befolkning än Grekland? (2024);https://en.wikipedia.org/wiki/Demographics_of_Sweden ; https://statisticstimes.com/demographics/country/greece-demographics.php;2024
Har Norge större eller mindre befolkning än Finland? (2024);https://www.nordicstatistics.org/news/the-nordic-population-2025/ ; https://en.wikipedia.org/wiki/Demographics_of_Finland;2024
Har Atlanten större eller mindre yta än Indiska oceanen?;https://www.worldatlas.com/articles/the-oceans-of-the-world-by-size.html;2023
Har Stilla havet större eller mindre yta än Norra ishavet?;https://www.worldatlas.com/articles/the-oceans-of-the-world-by-size.html;2023
Är Galdhøpiggen högre eller lägre än Kebnekaise?;https://jotunheimen.com/places/galdhoepiggen/ ; https://en.wikipedia.org/wiki/Kebnekaise;2024
Är Kaspiska havet djupare eller grundare än Bajkalsjön?;https://www.britannica.com/story/9-of-the-worlds-deepest-lakes;2024
Har Sumatra större eller mindre yta än Honshu?;https://www.britannica.com/topic/worlds-largest-islands-2228256;2023
Är Niger längre eller kortare än Volga?;https://en.wikipedia.org/wiki/Niger_River ; https://en.wikipedia.org/wiki/Volga;2023
Har Storbritannien större eller mindre yta än Java?;https://www.britannica.com/topic/worlds-largest-islands-2228256;2023
Har Ukraina större eller mindre yta än Frankrike?;https://en.wikipedia.org/wiki/Geography_of_Ukraine ; https://en.wikipedia.org/wiki/List_of_European_countries_by_area;2023
Har Italien större eller mindre yta än Tyskland?;https://en.wikipedia.org/wiki/List_of_European_countries_by_area;2023
Har Storbritannien större eller mindre yta än Polen?;https://en.wikipedia.org/wiki/List_of_European_countries_by_area;2023
Har Frankrike större eller mindre yta än Tyskland?;https://en.wikipedia.org/wiki/List_of_European_countries_by_area;2023
Har Italien större eller mindre yta än Ukraina?;https://en.wikipedia.org/wiki/List_of_European_countries_by_area;2023
Är Mount Cook högre eller lägre än Mount Fuji?;https://en.wikipedia.org/wiki/Aoraki_/_Mount_Cook ; https://www.britannica.com/place/Mount-Fuji;2024
Är Mount Kenya högre eller lägre än Pico de Orizaba?;https://whc.unesco.org/en/list/800/ ; https://en.wikipedia.org/wiki/Pico_de_Orizaba;2024
Är Mont Blanc högre eller lägre än Mount Kenya?;https://en.wikipedia.org/wiki/Mont_Blanc ; https://whc.unesco.org/en/list/800/;2024
Är Olympos högre eller lägre än Zugspitze?;https://en.wikipedia.org/wiki/Mount_Olympus ; https://en.wikipedia.org/wiki/Zugspitze;2024
Är Pico de Orizaba högre eller lägre än Mount Fuji?;https://en.wikipedia.org/wiki/Pico_de_Orizaba ; https://www.britannica.com/place/Mount-Fuji;2024
Har Victoriasjön större eller mindre yta än Tanganyikasjön?;https://en.wikipedia.org/wiki/Lake_Victoria ; https://en.wikipedia.org/wiki/Lake_Tanganyika;2023
Har Vänern större eller mindre yta än Ladogasjön?;https://en.wikipedia.org/wiki/Vanern ; https://en.wikipedia.org/wiki/Lake_Ladoga;2023
Har Övre sjön större eller mindre yta än Kaspiska havet?;https://www.worldatlas.com/lakes/the-great-lakes-ranked-by-size.html ; https://www.cia.gov/the-world-factbook/about/archives/2021/field/major-lakes-area-sq-km;2023
Är Gula floden längre eller kortare än Jenisej?;https://www.mappr.co/longest-rivers-in-the-world/;2023
Är Lena längre eller kortare än Ob?;https://www.mappr.co/longest-rivers-in-the-world/;2023
Är Indus längre eller kortare än Kongofloden?;https://www.mappr.co/longest-rivers-in-the-world/;2023
Är Brahmaputra längre eller kortare än Gula floden?;https://www.mappr.co/longest-rivers-in-the-world/;2023
Är Murray längre eller kortare än Indus?;https://www.mappr.co/longest-rivers-in-the-world/;2023
Har Egypten större eller mindre befolkning än Turkiet? (2024);https://en.wikipedia.org/wiki/Demographics_of_Egypt ; https://www.jetpunk.com/data/population/countries-by-population/2024;2024
Har Tyskland större eller mindre befolkning än Frankrike? (2024);https://www.jetpunk.com/data/population/countries-by-population/2024;2024
Har Italien större eller mindre befolkning än Spanien? (2024);https://www.jetpunk.com/data/population/countries-by-population/2024;2024
Har Kenya större eller mindre befolkning än Kanada? (2024);https://www.jetpunk.com/data/population/countries-by-population/2024;2024
Har Kanada större eller mindre befolkning än Egypten? (2024);https://www.jetpunk.com/data/population/countries-by-population/2024;2024
Har Australien större eller mindre befolkning än Kanada? (2024);https://population.gov.au/data-and-forecasts/key-data-releases/national-state-and-territory-population-december-2024 ; https://www.jetpunk.com/data/population/countries-by-population/2024;2024
Är Elbrus högre eller lägre än Vinson Massif?;https://www.geographyrealm.com/seven-summits-the-tallest-mountain-on-each-continent/;2024
Är Vinson Massif högre eller lägre än Puncak Jaya?;https://www.geographyrealm.com/seven-summits-the-tallest-mountain-on-each-continent/;2024
Är Denali högre eller lägre än Elbrus?;https://www.geographyrealm.com/seven-summits-the-tallest-mountain-on-each-continent/;2024
Är Kilimanjaro högre eller lägre än Elbrus?;https://www.geographyrealm.com/seven-summits-the-tallest-mountain-on-each-continent/;2024
Är Puncak Jaya högre eller lägre än Mont Blanc?;https://www.geographyrealm.com/seven-summits-the-tallest-mountain-on-each-continent/ ; https://en.wikipedia.org/wiki/Mont_Blanc;2024
Är Aconcagua högre eller lägre än Kilimanjaro?;https://www.geographyrealm.com/seven-summits-the-tallest-mountain-on-each-continent/;2024
Har Island större eller mindre yta än Irland?;https://en.wikipedia.org/wiki/Geography_of_Iceland ; https://en.wikipedia.org/wiki/List_of_European_countries_by_area;2023
Har Portugal större eller mindre yta än Grekland?;https://en.wikipedia.org/wiki/List_of_European_countries_by_area;2023
Har Österrike större eller mindre yta än Schweiz?;https://en.wikipedia.org/wiki/List_of_European_countries_by_area;2023
Har Nederländerna större eller mindre yta än Belgien?;https://en.wikipedia.org/wiki/Geography_of_the_Netherlands ; https://en.wikipedia.org/wiki/Geography_of_Belgium;2023
Har Danmark större eller mindre yta än Schweiz?;https://en.wikipedia.org/wiki/List_of_European_countries_by_area ; https://en.wikipedia.org/wiki/Geography_of_Switzerland;2023
Har Irland större eller mindre yta än Island?;https://en.wikipedia.org/wiki/List_of_European_countries_by_area ; https://en.wikipedia.org/wiki/Geography_of_Iceland;2023
Har Hispaniola större eller mindre yta än Hokkaido?;https://en.wikipedia.org/wiki/Hispaniola ; https://brilliantmaps.com/largest-islands/;2023
Har Tasmanien större eller mindre yta än Sri Lanka?;https://brilliantmaps.com/largest-islands/ ; https://en.wikipedia.org/wiki/Geography_of_Sri_Lanka;2023
Har Sardinien större eller mindre yta än Sicilien?;https://en.wikipedia.org/wiki/List_of_European_islands_by_area;2023
Har Korsika större eller mindre yta än Cypern?;https://en.wikipedia.org/wiki/List_of_European_islands_by_area;2023
Har Kreta större eller mindre yta än Korsika?;https://en.wikipedia.org/wiki/Crete ; https://en.wikipedia.org/wiki/List_of_European_islands_by_area;2023
Har Cypern större eller mindre yta än Sardinien?;https://en.wikipedia.org/wiki/List_of_European_islands_by_area;2023
Har Hispaniola större eller mindre yta än Sri Lanka?;https://en.wikipedia.org/wiki/Hispaniola ; https://en.wikipedia.org/wiki/Geography_of_Sri_Lanka;2023
Har Tasmanien större eller mindre yta än Sicilien?;https://brilliantmaps.com/largest-islands/ ; https://en.wikipedia.org/wiki/List_of_European_islands_by_area;2023
Är Dalälven längre eller kortare än Torne älv?;https://www.worldatlas.com/articles/longest-rivers-in-sweden.html;2023
Är Klarälven längre eller kortare än Torne älv?;https://www.worldatlas.com/articles/longest-rivers-in-sweden.html;2023
Är Klarälven längre eller kortare än Göta älv?;https://en.wikipedia.org/wiki/Klar%C3%A4lven ; https://www.britannica.com/place/Gota-River;2023
Har Vättern större eller mindre yta än Mälaren?;https://www.worldatlas.com/articles/the-largest-lakes-in-sweden.html;2023
Har Mälaren större eller mindre yta än Hjälmaren?;https://www.worldatlas.com/articles/the-largest-lakes-in-sweden.html;2023
Har Hjälmaren större eller mindre yta än Storsjön?;https://www.worldatlas.com/articles/the-largest-lakes-in-sweden.html;2023
Är Vättern djupare eller grundare än Övre sjön?;https://en.wikipedia.org/wiki/V%C3%A4ttern ; https://www.britannica.com/place/Lake-Superior-lake-North-America;2023
Är Övre sjön djupare eller grundare än Bajkalsjön?;https://www.britannica.com/place/Lake-Superior-lake-North-America ; https://www.britannica.com/story/9-of-the-worlds-deepest-lakes;2024
Har Grekland större eller mindre yta än Österrike?;https://en.wikipedia.org/wiki/List_of_European_countries_by_area;2023
Har Portugal större eller mindre yta än Irland?;https://en.wikipedia.org/wiki/List_of_European_countries_by_area;2023
Har Belgien större eller mindre yta än Danmark?;https://en.wikipedia.org/wiki/Geography_of_Belgium ; https://en.wikipedia.org/wiki/List_of_European_countries_by_area;2023
Har Schweiz större eller mindre yta än Nederländerna?;https://en.wikipedia.org/wiki/Geography_of_Switzerland ; https://en.wikipedia.org/wiki/Geography_of_the_Netherlands;2023
Har Sicilien större eller mindre yta än Tasmanien?;https://en.wikipedia.org/wiki/List_of_European_islands_by_area ; https://brilliantmaps.com/largest-islands/;2023
Har Island större eller mindre yta än Portugal?;https://en.wikipedia.org/wiki/Geography_of_Iceland ; https://en.wikipedia.org/wiki/List_of_European_countries_by_area;2023
Har Sri Lanka större eller mindre yta än Island?;https://en.wikipedia.org/wiki/Geography_of_Sri_Lanka ; https://en.wikipedia.org/wiki/Geography_of_Iceland;2023
Är K2 högre eller lägre än Kangchenjunga?;https://www.mappr.co/highest-mountains-in-the-world/;2024
Är Lhotse högre eller lägre än Kangchenjunga?;https://en.wikipedia.org/wiki/Lhotse ; https://en.wikipedia.org/wiki/Kangchenjunga;2024
Är Lhotse högre eller lägre än Makalu?;https://en.wikipedia.org/wiki/Lhotse ; https://en.wikipedia.org/wiki/Makalu;2024
Är Cho Oyu högre eller lägre än Makalu?;https://en.wikipedia.org/wiki/Cho_Oyu ; https://en.wikipedia.org/wiki/Makalu;2024
Är Cho Oyu högre eller lägre än Dhaulagiri?;https://en.wikipedia.org/wiki/Cho_Oyu ; https://en.wikipedia.org/wiki/Dhaulagiri;2024
Är Manaslu högre eller lägre än Dhaulagiri?;https://www.mappr.co/highest-mountains-in-the-world/;2024
Är Nanga Parbat högre eller lägre än Annapurna?;https://en.wikipedia.org/wiki/Nanga_Parbat ; https://en.wikipedia.org/wiki/Annapurna;2024
Är Gasherbrum I högre eller lägre än Annapurna?;https://www.mappr.co/highest-mountains-in-the-world/;2024
Är Cho Oyu högre eller lägre än Kangchenjunga?;https://en.wikipedia.org/wiki/Cho_Oyu ; https://en.wikipedia.org/wiki/Kangchenjunga;2024
Är Paraná längre eller kortare än São Francisco?;https://www.worldatlas.com/articles/the-longest-rivers-in-south-america.html;2023
Är Orinoco längre eller kortare än Rio Grande?;https://www.worldatlas.com/articles/the-longest-rivers-in-south-america.html ; https://kids.kiddle.co/List_of_rivers_of_the_Americas;2023
Är Yukon längre eller kortare än Saint Lawrence-floden?;https://kids.kiddle.co/List_of_rivers_of_the_Americas;2023
Är Orinoco längre eller kortare än São Francisco?;https://www.worldatlas.com/articles/the-longest-rivers-in-south-america.html;2023
Är Paraná längre eller kortare än Yukon?;https://www.worldatlas.com/articles/the-longest-rivers-in-south-america.html ; https://kids.kiddle.co/List_of_rivers_of_the_Americas;2023
Är Rio Grande längre eller kortare än Paraná?;https://kids.kiddle.co/List_of_rivers_of_the_Americas ; https://www.worldatlas.com/articles/the-longest-rivers-in-south-america.html;2023
Är Lhotse högre eller lägre än Mont Blanc?;https://en.wikipedia.org/wiki/Lhotse ; https://en.wikipedia.org/wiki/Mont_Blanc;2024
Är K2 högre eller lägre än Kilimanjaro?;https://www.mappr.co/highest-mountains-in-the-world/ ; https://en.wikipedia.org/wiki/Mount_Kilimanjaro;2024
Är Denali högre eller lägre än Makalu?;https://en.wikipedia.org/wiki/Denali ; https://en.wikipedia.org/wiki/Makalu;2024
Är Annapurna högre eller lägre än Aconcagua?;https://en.wikipedia.org/wiki/Annapurna ; https://en.wikipedia.org/wiki/Aconcagua;2024
Är Matterhorn högre eller lägre än Manaslu?;https://en.wikipedia.org/wiki/Matterhorn ; https://www.mappr.co/highest-mountains-in-the-world/;2024
Har Sahara större eller mindre yta än Kalahariöknen?;https://en.wikipedia.org/wiki/Sahara ; https://www.britannica.com/topic/worlds-largest-deserts-2225895;2023
Har Kalahariöknen större eller mindre yta än Gobiöknen?;https://www.britannica.com/topic/worlds-largest-deserts-2225895;2023
Har Patagoniska öknen större eller mindre yta än Karakumöknen?;https://www.britannica.com/topic/worlds-largest-deserts-2225895 ; https://en.wikipedia.org/wiki/Karakum_Desert;2023
Har Medelhavet större eller mindre yta än Stilla havet?;https://en.wikipedia.org/wiki/Mediterranean_Sea ; https://www.worldatlas.com/articles/the-oceans-of-the-world-by-size.html;2023
Har Atlanten större eller mindre yta än Östersjön?;https://www.worldatlas.com/articles/the-oceans-of-the-world-by-size.html ; https://itameri.fi/en/nature-and-how-it-changes/the-baltic-sea-in-numbers/;2023
Har Vänern större eller mindre yta än Victoriasjön?;https://www.worldatlas.com/articles/the-largest-lakes-in-sweden.html ; https://en.wikipedia.org/wiki/Lake_Victoria;2023
Är Bajkalsjön djupare eller grundare än Vättern?;https://www.britannica.com/story/9-of-the-worlds-deepest-lakes ; https://en.wikipedia.org/wiki/V%C3%A4ttern;2024
Har Island större eller mindre yta än Nya Guinea?;https://en.wikipedia.org/wiki/Geography_of_Iceland ; https://www.britannica.com/topic/worlds-largest-islands-2228256;2023
Har Borneo större eller mindre yta än Sumatra?;https://www.britannica.com/topic/worlds-largest-islands-2228256;2023
Har Arabiska öknen större eller mindre yta än Sahara?;https://en.wikipedia.org/wiki/Arabian_Desert ; https://en.wikipedia.org/wiki/Sahara;2023
Har Ryssland större eller mindre yta än Kanada?;https://www.worldatlas.com/geography/the-largest-countries-in-the-world.html;2024
Har USA större eller mindre yta än Kanada?;https://www.worldatlas.com/geography/the-largest-countries-in-the-world.html;2024
Har Kina större eller mindre yta än USA?;https://www.worldatlas.com/geography/the-largest-countries-in-the-world.html;2024
Har Australien större eller mindre yta än Brasilien?;https://www.worldatlas.com/geography/the-largest-countries-in-the-world.html;2024
Har Indien större eller mindre yta än Argentina?;https://www.worldatlas.com/geography/the-largest-countries-in-the-world.html;2024
Har Kazakstan större eller mindre yta än Argentina?;https://www.worldatlas.com/geography/the-largest-countries-in-the-world.html;2024
Har Kazakstan större eller mindre yta än Algeriet?;https://www.worldatlas.com/geography/the-largest-countries-in-the-world.html;2024
Har Australien större eller mindre yta än Ryssland?;https://www.worldatlas.com/geography/the-largest-countries-in-the-world.html;2024
Har USA större eller mindre yta än Indien?;https://www.worldatlas.com/geography/the-largest-countries-in-the-world.html;2024
Har Algeriet större eller mindre yta än Indien?;https://www.worldatlas.com/geography/the-largest-countries-in-the-world.html;2024
Har Indien större eller mindre befolkning än Kina? (2024);https://worldpopulationreview.com/countries ; https://www.statista.com/statistics/262879/countries-with-the-largest-population/;2024
Har Indonesien större eller mindre befolkning än USA? (2024);https://worldpopulationreview.com/countries;2024
Har Pakistan större eller mindre befolkning än Nigeria? (2024);https://worldpopulationreview.com/countries;2024
Har Ryssland större eller mindre befolkning än Brasilien? (2024);https://worldpopulationreview.com/countries;2024
Har Mexiko större eller mindre befolkning än Japan? (2024);https://worldpopulationreview.com/countries;2024
Har Brasilien större eller mindre befolkning än Nigeria? (2024);https://worldpopulationreview.com/countries;2024
Har Indonesien större eller mindre befolkning än Pakistan? (2024);https://worldpopulationreview.com/countries;2024
Har USA större eller mindre befolkning än Kina? (2024);https://worldpopulationreview.com/countries;2024
Är Teide högre eller lägre än Etna?;https://en.wikipedia.org/wiki/Mount_Teide ; https://en.wikipedia.org/wiki/Mount_Etna;2024
Är Teide högre eller lägre än Cotopaxi?;https://en.wikipedia.org/wiki/Mount_Teide ; https://en.wikipedia.org/wiki/Cotopaxi;2024
Är Cotopaxi högre eller lägre än Mauna Kea?;https://en.wikipedia.org/wiki/Cotopaxi ; https://volcano.si.edu/faq/index.cfm?question=highestvolcano;2024
Är Etna högre eller lägre än Mount Rainier?;https://en.wikipedia.org/wiki/Mount_Etna ; https://en.wikipedia.org/wiki/Mount_Rainier;2024
Är Etna högre eller lägre än Vesuvius?;https://en.wikipedia.org/wiki/Mount_Etna ; https://en.wikipedia.org/wiki/Mount_Vesuvius;2024
Är Mauna Kea högre eller lägre än Mount Rainier?;https://volcano.si.edu/faq/index.cfm?question=highestvolcano ; https://en.wikipedia.org/wiki/Mount_Rainier;2024
Har Luzon större eller mindre yta än Kuba?;https://brilliantmaps.com/largest-islands/;2023
Har Mindanao större eller mindre yta än Newfoundland?;https://brilliantmaps.com/largest-islands/;2023
Har Kuba större eller mindre yta än Hokkaido?;https://brilliantmaps.com/largest-islands/;2023
Har Kyushu större eller mindre yta än Mindanao?;https://en.wikipedia.org/wiki/Kyushu ; https://brilliantmaps.com/largest-islands/;2023
Har Kyushu större eller mindre yta än Taiwan?;https://en.wikipedia.org/wiki/Kyushu;2023
Har Taiwan större eller mindre yta än Luzon?;https://en.wikipedia.org/wiki/Kyushu ; https://brilliantmaps.com/largest-islands/;2023
Väger en blåval mer eller mindre än en afrikansk elefant?;https://www.sciencefocus.com/nature/largest-animal-in-the-world;2024
Väger en flodhäst mer eller mindre än en giraff?;https://en.wikipedia.org/wiki/Hippopotamus;2024
Väger en isbjörn mer eller mindre än en flodhäst?;https://en.wikipedia.org/wiki/Polar_bear;2024
Väger en rödräv mer eller mindre än en grävling?;https://mammal.org.uk/british-mammals/red-fox;2024
Väger en huskatt mer eller mindre än en rödräv?;https://www.wildlifeonline.me.uk/animals/article/red-fox-size;2024
Springer en gepard fortare eller långsammare än en pilgrimsfalk i dykning?;https://www.livescience.com/59822-fastest-animals.html;2024
Springer en gaffelbock fortare eller långsammare än en gepard?;https://www.sciencedaily.com/releases/2012/07/120728151024.htm;2012
Väger en blåvals tunga mer eller mindre än en människa?;https://www.guinnessworldrecords.com/world-records/83817-heaviest-tongue;2024
Springer en greyhound fortare eller långsammare än en gaffelbock?;https://www.sciencedaily.com/releases/2012/07/120728151024.htm;2012
Lever en galapagossköldpadda längre eller kortare än en grönlandshaj?;https://www.livescience.com/longest-living-animals.html;2024
Lever en elefant längre eller kortare än en grönlandsval?;https://www.livescience.com/longest-living-animals.html;2024
Lever en hund längre eller kortare än en huskatt?;https://www.guinnessworldrecords.com/news/2021/10/worlds-oldest-animals-cats-dogs-deep-sea-creatures-and-more-678003;2021
Lever en galapagossköldpadda längre eller kortare än en grönlandsval?;https://www.livescience.com/longest-living-animals.html;2024
Är dräktighetstiden för en giraff längre eller kortare än för en afrikansk elefant?;https://www.nationalgeographic.com/animals/article/mammals-have-extremely-diverse-pregnancies-heres-why;2024
Är dräktighetstiden för en människa längre eller kortare än för en hund?;https://open.lib.umn.edu/humanbiology2e/chapter/5-5-human-pregnancy-and-birth;2024
Väger ett strutsägg mer eller mindre än ett hönsägg?;https://en.wikipedia.org/wiki/Ostrich_egg;2024
Är dräktighetstiden för en mus längre eller kortare än för en människa?;https://www.wla.org/assets/Book_Award/WCCPBA/2019%20Mammal%20Gestation%20Periods.pdf;2019
Är en valhaj längre eller kortare än en saltvattenskrokodil?;https://marinemegafauna.org/guide-to-whale-sharks/size;2024
Är en valhaj längre eller kortare än en vithaj?;https://marinemegafauna.org/guide-to-whale-sharks/size;2024
Är en vithaj längre eller kortare än en saltvattenskrokodil?;https://en.wikipedia.org/wiki/Great_white_shark_size;2024
Har en vandringsalbatross större eller mindre vingspann än en andinsk kondor?;https://factanimal.com/animal-facts/largest-flying-birds-in-the-world/;2024
Har en kungsörn större eller mindre vingspann än en vandringsalbatross?;https://factanimal.com/animal-facts/largest-flying-birds-in-the-world/;2024
Väger ett emuägg mer eller mindre än ett strutsägg?;https://en.wikipedia.org/wiki/Ostrich_egg;2024
Väger en giraff mer eller mindre än en isbjörn?;https://sizegraf.com/blog/list-of-animals-by-size-and-weight/;2024
Springer en gepard fortare eller långsammare än en greyhound?;https://www.sciencedaily.com/releases/2012/07/120728151024.htm;2012
Lever en grönlandshaj längre eller kortare än en grönlandsval?;https://www.livescience.com/longest-living-animals.html;2024
Är en blåval längre eller kortare än en valhaj?;https://www.sciencefocus.com/nature/largest-animal-in-the-world;2024
Väger en struts mer eller mindre än en kejsarpingvin?;https://nationalzoo.si.edu/animals/ostrich;2024
Väger en grävling mer eller mindre än en huskatt?;https://en.wikipedia.org/wiki/European_badger;2024
Väger en tiger mer eller mindre än ett lejon?;https://www.britannica.com/science/Are-Tigers-Bigger-Than-Lions;2024
Väger en gorilla mer eller mindre än en schimpans?;https://www.britannica.com/animal/Gorilla-primate-genus;2024
Väger en älg mer eller mindre än en ren?;https://a-z-animals.com/blog/moose-vs-reindeer-what-are-key-differences/;2024
Väger en noshörning mer eller mindre än en afrikansk elefant?;https://en.wikipedia.org/wiki/List_of_heaviest_land_mammals;2024
Väger en brunbjörn mer eller mindre än en varg?;https://www.britannica.com/animal/gray-wolf;2024
Är en kaskelot längre eller kortare än en blåval?;https://www.britannica.com/animal/sperm-whale;2024
Är en nätpyton längre eller kortare än en kungskobra?;https://www.nhm.ac.uk/discover/what-is-the-biggest-snake-in-the-world.html;2024
Är en jättebläckfisk längre eller kortare än en kolossbläckfisk?;https://www.britannica.com/animal/giant-squid;2024
Springer ett lejon fortare eller långsammare än en gepard?;https://joysafaribay.com/post/comparing-the-speed-of-lions-and-cheetahs-who-is-the-fastest-predators;2024
Springer en struts fortare eller långsammare än en emu?;https://animals.howstuffworks.com/birds/emu-vs-ostrich.htm;2024
Lever en ara längre eller kortare än en galapagossköldpadda?;https://www.safariltd.com/blogs/toys-that-teach/top-ten-longest-living-animals;2024
Lever en arbetsbi längre eller kortare än en bidrottning?;https://www.britannica.com/science/How-Long-Do-Queen-Bees-Live;2024
Lever en husfluga längre eller kortare än en dagslända som vuxen?;https://en.wikipedia.org/wiki/Housefly;2024
Väger en blåvals hjärta mer eller mindre än en människohjärna?;https://www.guinnessworldrecords.com/world-records/largest-heart;2024
Är dräktighetstiden för en afrikansk elefant längre eller kortare än för en blåval?;https://a-z-animals.com/blog/whats-a-blue-whales-gestation-period/;2024
Springer en huskatt fortare eller långsammare än en tamgris?;https://www.speedofanimals.com/animals/pig;2024
Väger en jaguar mer eller mindre än en leopard?;https://a-z-animals.com/animals/comparison/leopard-vs-jaguar/;2024
Springer en kvarthäst fortare eller långsammare än en greyhound?;https://www.britannica.com/topic/How-Fast-Can-Horses-Run;2024
Är en giraff högre eller lägre än en afrikansk elefant?;https://savegiraffesnow.org/how-tall-are-giraffes/;2024
Väger en späckhuggare mer eller mindre än en vithaj?;https://oceaninfo.com/compare/great-white-shark-vs-orca/;2024
Väger en sjöelefant mer eller mindre än en valross?;https://a-z-animals.com/blog/walrus-vs-elephant-seal/;2024
Är dräktighetstiden för en kamel längre eller kortare än för en häst?;https://ker.com/equinews/gestation-periods-horses-animals/;2024
Har en kungsörn större eller mindre vingspann än en havsörn?;https://www.britannica.com/science/What-Is-the-Wingspan-of-an-Eagle;2024
Väger en humla mer eller mindre än ett honungsbi?;https://www.pbs.org/wnet/nature/blog/bumblebee-fact-sheet/;2024
Väger en saltvattenskrokodil mer eller mindre än en komodovaran?;https://www.animalmatchup.com/vs/komodo-dragon-vs-saltwater-crocodile;2024
Väger en gråsparv mer eller mindre än en kolibri?;https://www.anthony-lujan.com/blog/hummingbird-weight-facts-lighter-than-a-nickel;2024
Flyger en tornseglare fortare eller långsammare än en pilgrimsfalk i planflykt?;https://en.wikipedia.org/wiki/List_of_birds_by_flight_speed;2024
Väger en flasknosdelfin mer eller mindre än en tumlare?;https://www.britannica.com/animal/bottlenose-dolphin;2024
Är silvertärnans årliga flyttsträcka längre eller kortare än myrspovens?;https://www.audubon.org/news/how-tern-broke-record-longest-known-migration;2024
Väger en giraffs hjärta mer eller mindre än en människas hjärta?;https://giraffeconservation.org/facts-about-giraffe/how-does-a-giraffes-heart-work/;2024
Är en människas vilopuls högre eller lägre än en elefants?;https://globalelephants.org/elefact-friday-from-the-heart/;2024
Har en hund fler eller färre tänder än en människa?;https://www.poochandmutt.co.uk/blogs/health/how-many-teeth-do-dogs-have;2024
Väger en leopard mer eller mindre än en gepard?;https://www.britannica.com/science/Whats-the-Difference-Between-a-Cheetah-and-a-Leopard;2024
Simmar en segelfisk fortare eller långsammare än en marlin?;https://dipndive.com/blogs/marine-life/top-5-fastest-fishes-on-the-planet;2024
Väger en kapybara mer eller mindre än en bäver?;https://www.guinnessworldrecords.com/news/2024/4/the-world-of-capybaras-the-giant-rodent-that-weighs-as-much-as-full-grown-wolf-768309;2024
Är en flamingo högre eller lägre än en gråhäger?;https://www.dimensions.com/element/greater-flamingo-phoenicopterus-roseus;2024
Väger en isbjörn mer eller mindre än en brunbjörn?;https://www.adfg.alaska.gov/index.cfm?adfg=polarbear.main;2024
Lever en albatross längre eller kortare än en svan i det vilda?;https://a-z-animals.com/animals/albatross/;2024
Väger en anakonda mer eller mindre än en nätpyton?;https://www.britannica.com/animal/green-anaconda;2024
Har en elefantsnabel fler eller färre muskler än hela människokroppen?;https://www.clevelandzoosociety.org/z/2023/06/26/truth-or-tail-an-elephants-trunk-has-over-40000-muscles;2023
Är en kejsarpingvin högre eller lägre än en kungspingvin?;https://www.britannica.com/animal/emperor-penguin;2024
Är en narvals bete längre eller kortare än en afrikansk elefants bete?;https://en.wikipedia.org/wiki/Narwhal;2024
Är en manta bredare eller smalare än en spjutrocka?;https://www.dimensions.com/element/giant-oceanic-manta-ray-mobula-birostris;2024
Väger en bison mer eller mindre än en tamko?;https://www.nps.gov/subjects/bison/about.htm;2024
Väger en orangutang mer eller mindre än en babian?;https://www.britannica.com/animal/orangutan;2024
Väger en järv mer eller mindre än ett lodjur?;https://www.fws.gov/species/north-american-wolverine-gulo-gulo-luscus;2024
Lever en nilkrokodil längre eller kortare än en jättesköldpadda?;https://a-z-animals.com/animals/crocodile/crocodile-facts/crocodile-lifespan/;2024
Springer en afrikansk vildhund fortare eller långsammare än en hyena?;https://www.speedofanimals.com/animals/african_wild_dog;2024
Har en berguv större eller mindre vingspann än en fjälluggla?;https://a-z-animals.com/animals/eurasian-eagle-owl/;2024
Är en rens horn längre eller kortare än en kronhjorts?;https://a-z-animals.com/animals/reindeer/reindeer-antlers-everything-you-need-to-know/;2024
Är dräktighetstiden för ett lejon längre eller kortare än för en gepard?;https://seaworld.org/animals/all-about/cheetah/care-of-young/;2024
Lever en sengångare längre eller kortare än en koala i det vilda?;https://a-z-animals.com/blog/sloth-lifespan-how-long-do-sloths-live/;2024
Väger en goliatbagge mer eller mindre än en ekoxe?;https://www.britannica.com/animal/African-goliath-beetle;2024
Väger en flyghund mer eller mindre än en vampyrfladdermus?;https://en.wikipedia.org/wiki/Megabat;2024
Lägger en anka fler eller färre ägg per år än en höna?;https://grubblyfarms.com/blogs/the-flyer/comparing-chicken-eggs-vs-duck-eggs-everything-you-need-to-know;2024
Äter en blåval mer eller mindre mat per dag än en afrikansk elefant?;https://www.nationalgeographic.com/science/article/blue-whales-can-eat-half-a-million-calories-in-a-single-mouthful;2024
Är en nyfödd giraffkalv högre eller lägre än en vuxen människa?;https://savegiraffesnow.org/how-tall-are-giraffes/;2024
Har en saltvattenskrokodil starkare eller svagare bett än ett lejon?;https://thomsonsafaris.com/blog/animal-bite-force/;2024
Har en bläckfisk fler eller färre armar och tentakler än en tioarmad bläckfisk?;https://www.livescience.com/difference-arms-tentacles;2024
Är Empire State Building högre eller lägre än Eiffeltornet?;https://en.wikipedia.org/wiki/Empire_State_Building ; https://en.wikipedia.org/wiki/Eiffel_Tower;2024
Är Shanghai Tower högre eller lägre än Tokyo Skytree?;https://en.wikipedia.org/wiki/Tokyo_Skytree ; https://en.wikipedia.org/wiki/Shanghai_Tower;2024
Är Petronas Towers högre eller lägre än Empire State Building?;https://en.wikipedia.org/wiki/Petronas_Towers ; https://en.wikipedia.org/wiki/Empire_State_Building;2024
Är Frihetsgudinnan högre eller lägre än Burj Khalifa?;https://en.wikipedia.org/wiki/Burj_Khalifa ; https://en.wikipedia.org/wiki/Statue_of_Liberty;2024
Är Burj Khalifa högre eller lägre än Eiffeltornet?;https://en.wikipedia.org/wiki/Burj_Khalifa ; https://en.wikipedia.org/wiki/Eiffel_Tower;2024
Är CN Tower högre eller lägre än Globen?;https://en.wikipedia.org/wiki/CN_Tower ; https://en.wikipedia.org/wiki/Avicii_Arena;2024
Är Tokyo Skytree högre eller lägre än Eiffeltornet?;https://en.wikipedia.org/wiki/Tokyo_Skytree ; https://en.wikipedia.org/wiki/Eiffel_Tower;2024
Är Kölnerdomen högre eller lägre än Sagrada Família?;https://en.wikipedia.org/wiki/Sagrada_Fam%C3%ADlia ; https://en.wikipedia.org/wiki/Cologne_Cathedral;2026
Är Ulms domkyrka högre eller lägre än Big Ben?;https://en.wikipedia.org/wiki/Ulm_Minster ; https://en.wikipedia.org/wiki/Big_Ben;2024
Är lutande tornet i Pisa högre eller lägre än Big Ben?;https://en.wikipedia.org/wiki/Leaning_Tower_of_Pisa ; https://en.wikipedia.org/wiki/Big_Ben;2024
Är Washingtonmonumentet högre eller lägre än Space Needle?;https://en.wikipedia.org/wiki/Space_Needle ; https://en.wikipedia.org/wiki/Washington_Monument;2024
Är Washingtonmonumentet högre eller lägre än Big Ben?;https://en.wikipedia.org/wiki/Washington_Monument ; https://en.wikipedia.org/wiki/Big_Ben;2024
Är Kristusstatyn i Rio högre eller lägre än Frihetsgudinnan?;https://en.wikipedia.org/wiki/Statue_of_Liberty ; https://en.wikipedia.org/wiki/Christ_the_Redeemer_(statue);2024
Är Cheopspyramiden högre eller lägre än Kristusstatyn i Rio?;https://en.wikipedia.org/wiki/Great_Pyramid_of_Giza ; https://en.wikipedia.org/wiki/Christ_the_Redeemer_(statue);2024
Är Globen högre eller lägre än Burj Khalifa?;https://en.wikipedia.org/wiki/Avicii_Arena ; https://en.wikipedia.org/wiki/Burj_Khalifa;2024
Är Globen högre eller lägre än Kaknästornet?;https://en.wikipedia.org/wiki/Kakn%C3%A4stornet ; https://en.wikipedia.org/wiki/Avicii_Arena;2024
Har Akashi Kaikyo-bron längre eller kortare huvudspann än Golden Gate-bron?;https://en.wikipedia.org/wiki/Akashi_Kaiky%C5%8D_Bridge ; https://en.wikipedia.org/wiki/Golden_Gate_Bridge;2024
Har Öresundsbron längre eller kortare huvudspann än Golden Gate-bron?;https://en.wikipedia.org/wiki/Golden_Gate_Bridge ; https://en.wikipedia.org/wiki/%C3%96resund_Bridge;2024
Har Öresundsbron längre eller kortare huvudspann än Akashi Kaikyo-bron?;https://en.wikipedia.org/wiki/Akashi_Kaiky%C5%8D_Bridge ; https://en.wikipedia.org/wiki/%C3%96resund_Bridge;2024
Är Gotthards bastunnel längre eller kortare än Öresundsbron?;https://en.wikipedia.org/wiki/Gotthard_Base_Tunnel ; https://en.wikipedia.org/wiki/%C3%96resund_Bridge;2024
Är Seikantunneln längre eller kortare än Kanaltunneln?;https://en.wikipedia.org/wiki/Seikan_Tunnel ; https://en.wikipedia.org/wiki/Channel_Tunnel;2024
Är Three Gorges-dammen högre eller lägre än Hooverdammen?;https://en.wikipedia.org/wiki/Three_Gorges_Dam ; https://en.wikipedia.org/wiki/Hoover_Dam;2024
Är Hooverdammen längre eller kortare i krönet än Three Gorges-dammen?;https://en.wikipedia.org/wiki/Hoover_Dam ; https://en.wikipedia.org/wiki/Three_Gorges_Dam;2024
Är Three Gorges-dammen längre eller kortare än Öresundsbron?;https://en.wikipedia.org/wiki/Three_Gorges_Dam ; https://en.wikipedia.org/wiki/%C3%96resund_Bridge;2024
Är Kinesiska muren längre eller kortare än Öresundsbron?;https://en.wikipedia.org/wiki/Great_Wall_of_China ; https://en.wikipedia.org/wiki/%C3%96resund_Bridge;2024
Är Stonehenge äldre eller yngre än Colosseum?;https://en.wikipedia.org/wiki/Stonehenge ; https://en.wikipedia.org/wiki/Colosseum;2026
Är Notre-Dame i Paris äldre eller yngre än Colosseum?;https://en.wikipedia.org/wiki/Colosseum ; https://en.wikipedia.org/wiki/Notre-Dame_de_Paris;2026
Är Eiffeltornet äldre eller yngre än Notre-Dame i Paris?;https://en.wikipedia.org/wiki/Notre-Dame_de_Paris ; https://en.wikipedia.org/wiki/Eiffel_Tower;2026
Är Cheopspyramiden äldre eller yngre än Colosseum?;https://en.wikipedia.org/wiki/Great_Pyramid_of_Giza ; https://en.wikipedia.org/wiki/Colosseum;2026
Är Sydneyoperan högre eller lägre i taket än Kristusstatyn i Rio?;https://en.wikipedia.org/wiki/Sydney_Opera_House ; https://en.wikipedia.org/wiki/Christ_the_Redeemer_(statue);2024
Har Venus en större eller mindre diameter än jorden?;NASA Planetary Fact Sheet (nssdc.gsfc.nasa.gov/planetary/factsheet);2024
Har Eris en större eller mindre diameter än Pluto?;Royal Museums Greenwich / NASA Science (dwarf planets);2024
Är månen Io större eller mindre i diameter än jordens måne?;NASA Science (Galilean moons / Moon);2024
Har Neptunus en större eller mindre diameter än Uranus?;NASA Planetary Fact Sheet (nssdc.gsfc.nasa.gov/planetary/factsheet);2024
Är Ganymedes större eller mindre i diameter än Titan?;NASA Science / Britannica (Titan, Ganymede);2024
Har Saturnus en större eller mindre diameter än Jupiter?;NASA Planetary Fact Sheet (nssdc.gsfc.nasa.gov/planetary/factsheet);2024
Har Mars en större eller mindre diameter än Merkurius?;NASA Planetary Fact Sheet (nssdc.gsfc.nasa.gov/planetary/factsheet);2024
Är Callisto större eller mindre i diameter än Io?;NASA Science (Galilean moons);2024
Har Venus ett längre eller kortare omloppsår än jorden?;NASA Space Place (years on other planets);2024
Ligger Mars längre bort eller närmare solen än jorden?;NASA Planetary Fact Sheet (semi-major axis);2024
Ligger Venus längre bort eller närmare solen än Merkurius?;NASA Planetary Fact Sheet (semi-major axis);2024
Har Uranus en större eller mindre diameter än Saturnus?;NASA Planetary Fact Sheet (nssdc.gsfc.nasa.gov/planetary/factsheet);2024
Ligger Neptunus längre bort eller närmare solen än Uranus?;NASA Planetary Fact Sheet (semi-major axis);2024
Har Saturnus ett längre eller kortare omloppsår än Jupiter?;NASA Space Place / Planetary Fact Sheet (orbital period);2024
Är Olympus Mons på Mars högre eller lägre än Mount Everest?;Wikipedia Olympus Mons (21,3 km) / Everest 8,85 km;2024
Har Mars ett längre eller kortare omloppsår än jorden?;NASA Space Place (years on other planets);2024
Har Venus en större eller mindre diameter än Mars?;NASA Planetary Fact Sheet (nssdc.gsfc.nasa.gov/planetary/factsheet);2024
Har jorden en större eller mindre diameter än Merkurius?;NASA Planetary Fact Sheet (nssdc.gsfc.nasa.gov/planetary/factsheet);2024
Har Merkurius ett längre eller kortare omloppsår än jorden?;NASA Space Place (years on other planets);2024
Har Jupiter en större eller mindre diameter än Uranus?;NASA Planetary Fact Sheet (nssdc.gsfc.nasa.gov/planetary/factsheet);2024
Ligger Mars längre bort eller närmare solen än Jupiter?;NASA Planetary Fact Sheet (semi-major axis, Jupiter ~778 milj km);2024
Har Venus en större eller mindre diameter än Neptunus?;NASA Planetary Fact Sheet (nssdc.gsfc.nasa.gov/planetary/factsheet);2024
Har Venus ett längre eller kortare omloppsår än Mars?;NASA Space Place (years on other planets);2024
Ligger Merkurius längre bort eller närmare solen än jorden?;NASA Planetary Fact Sheet (semi-major axis);2024
Har Uranus en större eller mindre diameter än jorden?;NASA Planetary Fact Sheet (nssdc.gsfc.nasa.gov/planetary/factsheet);2024
Har ett dygn på Venus längre eller kortare rotationstid än ett dygn på Merkurius?;NASA Space Place (day length) / Venus 243 dygn, Merkurius 58,6 dygn;2024
Har jorden en större eller mindre diameter än Saturnus?;NASA Planetary Fact Sheet (nssdc.gsfc.nasa.gov/planetary/factsheet);2024
Har Saturnus ett längre eller kortare omloppsår än Mars?;NASA Space Place / Planetary Fact Sheet (orbital period);2024
Ligger jorden längre bort eller närmare solen än Saturnus?;NASA Planetary Fact Sheet (semi-major axis, Saturnus ~1432 milj km);2024
Har Mars en större eller mindre diameter än Uranus?;NASA Planetary Fact Sheet (nssdc.gsfc.nasa.gov/planetary/factsheet);2024
Har Triton en större eller mindre diameter än Europa?;NASA Science / NASA Planetary Fact Sheet (planet/moon/dwarf-planet diameters);2024
Är Oberon större eller mindre i diameter än Titania?;NASA Science / NASA Planetary Fact Sheet (planet/moon/dwarf-planet diameters);2024
Har Iapetus en större eller mindre diameter än Rhea?;NASA Science / NASA Planetary Fact Sheet (planet/moon/dwarf-planet diameters);2024
Har Quaoar en större eller mindre diameter än Charon?;NASA Science / NASA Planetary Fact Sheet (planet/moon/dwarf-planet diameters);2024
Har Haumea en större eller mindre diameter än Eris?;NASA Science / NASA Planetary Fact Sheet (planet/moon/dwarf-planet diameters);2024
Har Ceres en större eller mindre diameter än Orcus?;NASA Science / NASA Planetary Fact Sheet (planet/moon/dwarf-planet diameters);2024
Har Charon en större eller mindre diameter än Gonggong?;NASA Science / NASA Planetary Fact Sheet (planet/moon/dwarf-planet diameters);2024
Har Tethys en större eller mindre diameter än Dione?;NASA Science / NASA Planetary Fact Sheet (planet/moon/dwarf-planet diameters);2024
Har Pluto en större eller mindre diameter än Triton?;NASA Science / NASA Planetary Fact Sheet (planet/moon/dwarf-planet diameters);2024
Har Charon en större eller mindre diameter än Makemake?;NASA Science / NASA Planetary Fact Sheet (planet/moon/dwarf-planet diameters);2024
Har Mimas en större eller mindre diameter än Enceladus?;NASA Science / NASA Planetary Fact Sheet (planet/moon/dwarf-planet diameters);2024
Har Pluto en större eller mindre diameter än Europa?;NASA Science / NASA Planetary Fact Sheet (planet/moon/dwarf-planet diameters);2024
Har Makemake en större eller mindre diameter än Haumea?;NASA Science / NASA Planetary Fact Sheet (planet/moon/dwarf-planet diameters);2024
Har Tethys en större eller mindre diameter än Iapetus?;NASA Science / NASA Planetary Fact Sheet (planet/moon/dwarf-planet diameters);2024
Har Charon en större eller mindre diameter än Rhea?;NASA Science / NASA Planetary Fact Sheet (planet/moon/dwarf-planet diameters);2024
Har Makemake en större eller mindre diameter än Triton?;NASA Science / NASA Planetary Fact Sheet (planet/moon/dwarf-planet diameters);2024
Har Ceres en större eller mindre diameter än Eris?;NASA Science / NASA Planetary Fact Sheet (planet/moon/dwarf-planet diameters);2024
Har Enceladus en större eller mindre diameter än Ceres?;NASA Science / NASA Planetary Fact Sheet (planet/moon/dwarf-planet diameters);2024
Har Ceres en större eller mindre diameter än Europa?;NASA Science / NASA Planetary Fact Sheet (planet/moon/dwarf-planet diameters);2024
Har Ceres en större eller mindre diameter än Triton?;NASA Science / NASA Planetary Fact Sheet (planet/moon/dwarf-planet diameters);2024
Har Mimas en större eller mindre diameter än Pluto?;NASA Science / NASA Planetary Fact Sheet (planet/moon/dwarf-planet diameters);2024
Har Enceladus en större eller mindre diameter än Triton?;NASA Science / NASA Planetary Fact Sheet (planet/moon/dwarf-planet diameters);2024
Har Mimas en större eller mindre diameter än Europa?;NASA Science / NASA Planetary Fact Sheet (planet/moon/dwarf-planet diameters);2024
Har Merkurius en större eller mindre diameter än Ganymedes?;NASA Science / NASA Planetary Fact Sheet (planet/moon/dwarf-planet diameters);2024
Har Venus en högre eller lägre ytgravitation än Saturnus?;NASA Planetary Fact Sheet (surface gravity);2024
Har jorden en högre eller lägre ytgravitation än Neptunus?;NASA Planetary Fact Sheet (surface gravity);2024
Har Neptunus en högre eller lägre ytgravitation än Jupiter?;NASA Planetary Fact Sheet (surface gravity);2024
Har jorden en högre eller lägre ytgravitation än Mars?;NASA Planetary Fact Sheet (surface gravity);2024
Har Jupiter en högre eller lägre ytgravitation än månen?;NASA Planetary Fact Sheet (surface gravity);2024
Har jorden en högre eller lägre ytgravitation än Pluto?;NASA Planetary Fact Sheet (surface gravity);2024
Ligger Jupiter längre bort eller närmare solen än Saturnus?;NASA Planetary Fact Sheet (distance from Sun, semi-major axis);2024
Ligger Saturnus längre bort eller närmare solen än Uranus?;NASA Planetary Fact Sheet (distance from Sun, semi-major axis);2024
Ligger Merkurius längre bort eller närmare solen än Neptunus?;NASA Planetary Fact Sheet (distance from Sun, semi-major axis);2024
Ligger Venus längre bort eller närmare solen än Jupiter?;NASA Planetary Fact Sheet (distance from Sun, semi-major axis);2024
Ligger Proxima Centauri längre bort eller närmare än Alfa Centauri?;Wikipedia / Britannica (star distances, parallax);2024
Ligger Sirius längre bort eller närmare än Barnards stjärna?;Wikipedia / Britannica (star distances, parallax);2024
Ligger Vega längre bort eller närmare än Sirius?;Wikipedia / Britannica (star distances, parallax);2024
Ligger Betelgeuse längre bort eller närmare än Polstjärnan?;Wikipedia / Britannica (star distances, parallax);2024
Ligger Polstjärnan längre bort eller närmare än Vega?;Wikipedia / Britannica (star distances, parallax);2024
Ligger Sirius längre bort eller närmare än Proxima Centauri?;Wikipedia / Britannica (star distances, parallax);2024
Har jorden en större eller mindre massa än Venus?;NASA Planetary Fact Sheet (mass, 10^24 kg);2024
Har Neptunus en större eller mindre massa än Uranus?;NASA Planetary Fact Sheet (mass, 10^24 kg);2024
Har Saturnus en större eller mindre massa än Neptunus?;NASA Planetary Fact Sheet (mass, 10^24 kg);2024
Har Jupiter en större eller mindre massa än Saturnus?;NASA Planetary Fact Sheet (mass, 10^24 kg);2024
Har jorden en större eller mindre massa än Mars?;NASA Planetary Fact Sheet (mass, 10^24 kg);2024
Har Uranus en större eller mindre massa än jorden?;NASA Planetary Fact Sheet (mass, 10^24 kg);2024
Har Mars en större eller mindre massa än Merkurius?;NASA Planetary Fact Sheet (mass, 10^24 kg);2024
Har Saturnus en större eller mindre massa än Uranus?;NASA Planetary Fact Sheet (mass, 10^24 kg);2024
Har Jupiter en längre eller kortare rotationstid än Saturnus?;NASA Planetary Fact Sheet (rotation period / length of day);2024
Har Saturnus en längre eller kortare rotationstid än Neptunus?;NASA Planetary Fact Sheet (rotation period / length of day);2024
Har Uranus en längre eller kortare rotationstid än Neptunus?;NASA Planetary Fact Sheet (rotation period / length of day);2024
Har jorden en längre eller kortare rotationstid än Mars?;NASA Planetary Fact Sheet (rotation period / length of day);2024
Har Mars en längre eller kortare rotationstid än Jupiter?;NASA Planetary Fact Sheet (rotation period / length of day);2024
Ligger Vega längre bort eller närmare än Barnards stjärna?;Wikipedia / Britannica (star distances, parallax);2024
Har Merkurius en längre eller kortare rotationstid än jorden?;NASA Planetary Fact Sheet (rotation period / length of day);2024
Har Uranus fler eller färre kända månar än Neptunus? (2024);NASA Science / IAU Minor Planet Center (confirmed moons, 2024);2024
Har Mars fler eller färre månar än jorden?;NASA Science / IAU Minor Planet Center (confirmed moons, 2024);2024
Har Saturnus en längre eller kortare omloppstid än Uranus?;NASA Space Place / NASA Planetary Fact Sheet (orbital period);2024
Har Neptunus en längre eller kortare omloppstid än Uranus?;NASA Space Place / NASA Planetary Fact Sheet (orbital period);2024
Har Pluto en längre eller kortare omloppstid än Neptunus?;NASA Space Place / NASA Planetary Fact Sheet (orbital period);2024
Har Saturnus en högre eller lägre flykthastighet än Neptunus?;NASA Planetary Fact Sheet (escape velocity);2024
Har Jupiter en högre eller lägre flykthastighet än Saturnus?;NASA Planetary Fact Sheet (escape velocity);2024
Har jorden en högre eller lägre flykthastighet än Mars?;NASA Planetary Fact Sheet (escape velocity);2024
Har Jupiter en högre eller lägre flykthastighet än jorden?;NASA Planetary Fact Sheet (escape velocity);2024
Har jorden en högre eller lägre flykthastighet än månen?;NASA Planetary Fact Sheet (escape velocity);2024
Har Jupiter en högre eller lägre flykthastighet än Pluto?;NASA Planetary Fact Sheet (escape velocity);2024
Har Neptunus en högre eller lägre flykthastighet än Uranus?;NASA Planetary Fact Sheet (escape velocity);2024
Tar det längre eller kortare tid för Europa än Io att gå runt Jupiter?;NASA Science / Wikipedia (satellite orbital periods);2024
Tar det längre eller kortare tid för Ganymedes än Europa att gå runt Jupiter?;NASA Science / Wikipedia (satellite orbital periods);2024
Tar det längre eller kortare tid för Callisto än Ganymedes att gå runt Jupiter?;NASA Science / Wikipedia (satellite orbital periods);2024
Tar det längre eller kortare tid för Titan att gå runt Saturnus än för Callisto runt Jupiter?;NASA Science / Wikipedia (satellite orbital periods);2024
Tar det längre eller kortare tid för månen att gå runt jorden än för Callisto runt Jupiter?;NASA Science / Wikipedia (satellite orbital periods);2024
Tar det längre eller kortare tid för månen att gå runt jorden än för Io runt Jupiter?;NASA Science / Wikipedia (satellite orbital periods);2024
Tar det längre eller kortare tid för Triton att gå runt Neptunus än för Europa runt Jupiter?;NASA Science / Wikipedia (satellite orbital periods);2024
Tar det längre eller kortare tid för Phobos än Deimos att gå runt Mars?;NASA Science / Wikipedia (satellite orbital periods);2024
Har Callisto en större eller mindre diameter än Ganymedes?;NASA Science / NASA Planetary Fact Sheet (planet/moon/dwarf-planet diameters);2024
Har Titan en större eller mindre diameter än Callisto?;NASA Science / NASA Planetary Fact Sheet (planet/moon/dwarf-planet diameters);2024
Har Io en större eller mindre diameter än Europa?;NASA Science / NASA Planetary Fact Sheet (planet/moon/dwarf-planet diameters);2024
Har månen en större eller mindre diameter än Europa?;NASA Science / NASA Planetary Fact Sheet (planet/moon/dwarf-planet diameters);2024
Har Callisto en större eller mindre diameter än månen?;NASA Science / NASA Planetary Fact Sheet (planet/moon/dwarf-planet diameters);2024
Har Ganymedes en större eller mindre diameter än Europa?;NASA Science / NASA Planetary Fact Sheet (planet/moon/dwarf-planet diameters);2024
Har Titan en större eller mindre diameter än Triton?;NASA Science / NASA Planetary Fact Sheet (planet/moon/dwarf-planet diameters);2024
Har Ganymedes en större eller mindre diameter än Triton?;NASA Science / NASA Planetary Fact Sheet (planet/moon/dwarf-planet diameters);2024
Har Titan en större eller mindre diameter än månen?;NASA Science / NASA Planetary Fact Sheet (planet/moon/dwarf-planet diameters);2024
Har Saturnus en längre eller kortare omloppstid än Neptunus?;NASA Space Place / NASA Planetary Fact Sheet (orbital period);2024
Har Uranus en längre eller kortare omloppstid än Pluto?;NASA Space Place / NASA Planetary Fact Sheet (orbital period);2024
Har Halleys komet en längre eller kortare omloppstid än Pluto?;NASA Space Place / NASA Planetary Fact Sheet (orbital period);2024
Har Jupiter en längre eller kortare omloppstid än Neptunus?;NASA Space Place / NASA Planetary Fact Sheet (orbital period);2024
Har Ganymedes en större eller mindre massa än månen?;NASA Planetary Fact Sheet (mass, 10^24 kg);2024
Har Pluto en större eller mindre massa än månen?;NASA Planetary Fact Sheet (mass, 10^24 kg);2024
Är rekordträdet Hyperion (en kustsekvoja) högre eller lägre än det fällda jätteexemplaret av douglasgran (Mineral Tree)?;https://en.wikipedia.org/wiki/Hyperion_(tree) ; https://www.historylink.org/file/23164;2026
Blir tallen Methuselah i regel äldre eller yngre än den äldsta kända bristleconetallen?;https://www.conservation.org/news/methuselah-still-the-worlds-oldest-tree;2024
Är Tugelafallen i Sydafrika högre eller lägre än Angelfallen i Venezuela?;https://en.wikipedia.org/wiki/Tugela_Falls ; https://en.wikipedia.org/wiki/Angel_Falls;2016
Är olivträdet i Vouves äldre eller yngre än idegranen i Llangernyw?;https://a-z-animals.com/articles/the-oldest-trees-in-the-entire-world/;2023
Är Fuji högre eller lägre än Kilimanjaro?;https://en.wikipedia.org/wiki/Mount_Fuji ; https://en.wikipedia.org/wiki/Mount_Kilimanjaro;2024
Blir en gran i regel äldre eller yngre än en tall?;https://www.britishhardwood.co.uk/tree-life-expectancy;2024
Är jättesekvojan General Sherman högre eller lägre än rekordsekvojan Hyperion?;https://en.wikipedia.org/wiki/General_Sherman_Tree ; https://en.wikipedia.org/wiki/Hyperion_(tree);2024
Blir ett olivträd i regel äldre eller yngre än en av de äldsta bristleconetallarna?;https://www.standfortrees.org/post/blog-methuselah-worlds-oldest-tree;2023
Blir ett äppelträd i regel äldre eller yngre än en björk?;https://aplustree.com/how-long-do-trees-live/;2024
Är en fullvuxen ek högre eller lägre än jättesekvojan General Sherman?;https://greg.app/oak-tree-size/ ; https://en.wikipedia.org/wiki/General_Sherman_Tree;2024
Är Vättern djupare eller grundare än Hornavan, Sveriges djupaste sjö?;https://en.wikipedia.org/wiki/V%C3%A4ttern ; https://en.wikipedia.org/wiki/Hornavan;2023
Är en saguarokaktus högre eller lägre än en fullvuxen ek?;https://www.kew.org/plants/saguaro ; https://greg.app/oak-tree-size/;2024
Är Mauna Loa högre eller lägre än Kilimanjaro?;https://geology.com/records/largest-volcano/ ; https://en.wikipedia.org/wiki/Mount_Kilimanjaro;2024
Är Kaspiska havet djupare eller grundare än Tanganyikasjön?;https://www.britannica.com/story/9-of-the-worlds-deepest-lakes;2023
Blir en ek i regel äldre eller yngre än en tall?;https://www.britishhardwood.co.uk/tree-life-expectancy;2024
Är en kustsekvoja som Hyperion högre eller lägre än en fullvuxen ek?;https://en.wikipedia.org/wiki/Hyperion_(tree) ; https://greg.app/oak-tree-size/;2024
Blir en ek i regel äldre eller yngre än en av de äldsta bristleconetallarna?;https://www.britishhardwood.co.uk/tree-life-expectancy ; https://www.conservation.org/news/methuselah-still-the-worlds-oldest-tree;2024
Är Fuji högre eller lägre än Vesuvius?;https://en.wikipedia.org/wiki/Mount_Fuji ; https://en.wikipedia.org/wiki/Mount_Vesuvius;2024
Är Vesuvius högre eller lägre än Etna?;https://en.wikipedia.org/wiki/Mount_Vesuvius ; https://en.wikipedia.org/wiki/Mount_Etna;2024
Är Vesuvius högre eller lägre än Kilimanjaro?;https://en.wikipedia.org/wiki/Mount_Vesuvius ; https://en.wikipedia.org/wiki/Mount_Kilimanjaro;2024
Blir ett olivträd som det i Vouves äldre eller yngre än en ek?;https://a-z-animals.com/articles/the-oldest-trees-in-the-entire-world/ ; https://www.britishhardwood.co.uk/tree-life-expectancy;2023
Blir en ek i regel äldre eller yngre än ett äppelträd?;https://www.britishhardwood.co.uk/tree-life-expectancy ; https://aplustree.com/how-long-do-trees-live/;2024
Är Etna högre eller lägre än Fuji?;https://en.wikipedia.org/wiki/Mount_Etna ; https://en.wikipedia.org/wiki/Mount_Fuji;2024
Är Mauna Loa högre eller lägre än Vesuvius?;https://geology.com/records/largest-volcano/ ; https://en.wikipedia.org/wiki/Mount_Vesuvius;2024
Är Angelfallen högre eller lägre än Niagarafallen?;https://en.wikipedia.org/wiki/Angel_Falls ; https://science.howstuffworks.com/environmental/earth/largest-waterfall-in-the-world.htm;2024
Är Tugelafallen högre eller lägre än Niagarafallen?;https://en.wikipedia.org/wiki/Tugela_Falls;2016
Är Bajkalsjön djupare eller grundare än Vänern?;https://www.visualcapitalist.com/just-one-lake-on-earth-is-over-a-mile-deep/ ; https://www.worldatlas.com/articles/the-largest-lakes-in-sweden.html;2023
Blir en tall i regel äldre eller yngre än en björk?;https://aplustree.com/how-long-do-trees-live/;2024
Blir en bristleconetall i regel äldre eller yngre än ett äppelträd?;https://www.conservation.org/news/methuselah-still-the-worlds-oldest-tree ; https://aplustree.com/how-long-do-trees-live/;2024
Invigdes Eiffeltornet före eller efter Frihetsgudinnan i New York?;https://sv.wikipedia.org/wiki/Eiffeltornet (1889) / https://sv.wikipedia.org/wiki/Frihetsgudinnan (1886);2026
Uppfanns telefonen före eller efter glödlampan?;https://www.so-rummet.se/aret-runt/forsta-telefonen (Bell 1876) / https://www.so-rummet.se/aret-runt/patent-pa-glodlampan (Edison 1879);2026
Föll Berlinmuren före eller efter att Sovjetunionen upplöstes?;https://www.historiensvarld.se/krig/kalla-kriget/berlinmurens-fall/ (1989) / https://armemuseum.se/utstallning/sovjetunionens-fall/ (1991);2026
Skedde månlandningen före eller efter att webben (WWW) uppfanns?;https://www.so-rummet.se/fakta-artiklar/forsta-manlandningen (1969) / https://en.wikipedia.org/wiki/World_Wide_Web (1991);2026
Sjönk Titanic före eller efter Hindenburgkatastrofen?;https://fredericia.nu/varlden/vilket-ar-sjonk-titanic/ (1912) / https://en.wikipedia.org/wiki/Hindenburg_disaster (1937);2026
Tog vikingatiden slut före eller efter att Romarriket föll?;https://www.so-rummet.se/fakta-artiklar/varfor-gick-romarriket-under (476) / https://romarriket.se/vikingatiden/ (~1050);2026
Blev kristendomen statsreligion i Rom före eller efter att islam grundades?;https://sv.wikipedia.org/wiki/Kristendomen_som_statsreligion (380, Theodosius) / https://sv.wikipedia.org/wiki/Islam (622, hijra);2026
Inleddes reformationen före eller efter att vikingatiden tog slut?;https://romarriket.se/vikingatiden/ (~1050) / https://www.so-rummet.se/fakta-artiklar/martin-luther-och-inledningen-pa-reformationen (1517);2026
Stod Hagia Sofia i Konstantinopel färdig före eller efter Notre-Dame i Paris?;https://www.britannica.com/topic/Hagia-Sophia (537) / https://en.wikipedia.org/wiki/Notre-Dame_de_Paris (1345);2026
Stod Kölnerdomen färdig före eller efter Notre-Dame i Paris?;https://whc.unesco.org/en/list/292/ (Köln 1880) / https://en.wikipedia.org/wiki/Notre-Dame_de_Paris (1345);2026
Bildades Kalmarunionen före eller efter att islam grundades?;https://sv.wikipedia.org/wiki/Islam (622) / https://lex.dk/Kalmarunionen (1397);2026
Tog vikingatiden slut före eller efter att franska revolutionen bröt ut?;https://romarriket.se/vikingatiden/ (~1050) / https://sv.wikipedia.org/wiki/Franska_revolutionen (1789);2026
Nådde digerdöden Europa före eller efter att USA förklarade sig självständigt?;https://historiska.se/utforska-historien/kunskapsbank/digerdoden/ (1347) / https://en.wikipedia.org/wiki/United_States_Declaration_of_Independence (1776);2026
Förklarade sig USA självständigt före eller efter att Kalmarunionen bildades?;https://en.wikipedia.org/wiki/United_States_Declaration_of_Independence (1776) / https://lex.dk/Kalmarunionen (1397);2026
Stod Notre-Dame färdig före eller efter att kvinnlig rösträtt infördes i Sverige?;https://sv.wikipedia.org/wiki/Kvinnlig_rösträtt_i_Sverige (1921 första valet) / https://en.wikipedia.org/wiki/Notre-Dame_de_Paris (1345);2026
Inleddes reformationen före eller efter att kvinnlig rösträtt infördes i Sverige?;https://sv.wikipedia.org/wiki/Kvinnlig_rösträtt_i_Sverige (1921) / https://www.so-rummet.se/fakta-artiklar/martin-luther-och-inledningen-pa-reformationen (1517);2026
Undertecknades Magna Carta före eller efter att kvinnlig rösträtt infördes i Sverige?;https://sv.wikipedia.org/wiki/Kvinnlig_rösträtt_i_Sverige (1921) / https://www.britannica.com/topic/Magna-Carta (1215);2026
Upptäckte Columbus Amerika före eller efter att islam grundades?;https://sv.wikipedia.org/wiki/Islam (622) / https://sv.wikipedia.org/wiki/Christofer_Columbus (1492);2026
Föll Romarriket före eller efter att Columbus upptäckte Amerika?;https://www.so-rummet.se/fakta-artiklar/varfor-gick-romarriket-under (476) / https://sv.wikipedia.org/wiki/Christofer_Columbus (1492);2026
Sjönk Vasaskeppet före eller efter att Hagia Sofia stod färdig?;https://www.britannica.com/topic/Hagia-Sophia (537) / https://en.wikipedia.org/wiki/Vasa_(ship) (1628);2026
Stod Notre-Dame färdig före eller efter att Romarriket föll?;https://en.wikipedia.org/wiki/Notre-Dame_de_Paris (1345) / https://www.so-rummet.se/fakta-artiklar/varfor-gick-romarriket-under (476);2026
Föll Romarriket före eller efter att digerdöden nådde Europa?;https://www.so-rummet.se/fakta-artiklar/varfor-gick-romarriket-under (476) / https://historiska.se/utforska-historien/kunskapsbank/digerdoden/ (1347);2026
Inleddes reformationen före eller efter att Hagia Sofia stod färdig?;https://www.so-rummet.se/fakta-artiklar/martin-luther-och-inledningen-pa-reformationen (1517) / https://www.britannica.com/topic/Hagia-Sophia (537);2026
Kröntes Gustav Vasa till kung före eller efter att Hagia Sofia stod färdig?;https://www.britannica.com/topic/Hagia-Sophia (537) / https://en.wikipedia.org/wiki/Gustav_Vasa (krönt 12 jan 1528; vald 1523);2026
Föll Romarriket före eller efter att Colosseum stod färdigt?;https://bygginformation.se/nar-byggdes-colosseum-och-vad-anvands-det-till/ (80) / https://www.so-rummet.se/fakta-artiklar/varfor-gick-romarriket-under (476);2026
Föll Romarriket före eller efter att Magna Carta undertecknades?;https://www.so-rummet.se/fakta-artiklar/varfor-gick-romarriket-under (476) / https://www.britannica.com/topic/Magna-Carta (1215);2026
Bröt franska revolutionen ut före eller efter att Hagia Sofia stod färdig?;https://sv.wikipedia.org/wiki/Franska_revolutionen (1789) / https://www.britannica.com/topic/Hagia-Sophia (537);2026
Stod Colosseum färdigt före eller efter att Eiffeltornet invigdes?;https://bygginformation.se/nar-byggdes-colosseum-och-vad-anvands-det-till/ (80) / https://sv.wikipedia.org/wiki/Eiffeltornet (1889);2026
Uppfann Gutenberg boktryckarkonsten före eller efter att Colosseum stod färdigt?;https://www.so-rummet.se/fakta-artiklar/johann-gutenberg-och-konsten-att-trycka-bocker (~1450) / https://bygginformation.se/nar-byggdes-colosseum-och-vad-anvands-det-till/ (80);2026
Upptäckte Columbus Amerika före eller efter att Colosseum stod färdigt?;https://sv.wikipedia.org/wiki/Christofer_Columbus (1492) / https://bygginformation.se/nar-byggdes-colosseum-och-vad-anvands-det-till/ (80);2026
Har en Bugatti Chiron högre eller lägre toppfart än en Koenigsegg Jesko Absolut?;Bugatti/Koenigsegg tillverkarspecifikationer (Chiron SS 300+ 490 km/h, Jesko Absolut teoretisk ca 500 km/h);2024
Har en Tesla Model S Plaid mer eller mindre effekt än en Ferrari SF90?;Tillverkarspecifikationer (Plaid 1020 hk, SF90 Stradale 986/990 hk);2026
Är Eiffeltornet högre eller lägre än Empire State Building?;Wikipedia (Eiffeltornet 330 m m. antenn, Empire State 381 m takhöjd);2024
Lanserades första iPhone tidigare eller senare än första Android-telefonen?;Apple/Google lanseringshistorik (iPhone juni 2007, HTC Dream sep 2008);2008
Är Kanaltunneln längre eller kortare än Gotthardtunneln?;Wikipedia (Kanaltunneln 50,5 km, Gotthards bastunnel 57,1 km);2024
Väger en Airbus A380 mer eller mindre vid start än en Boeing 747-8?;Tillverkarspecifikationer MTOW (A380 575 t, 747-8 448 t);2024
Vägde Saturn V-raketen mer eller mindre vid start än rymdfärjan?;NASA / Wikipedia (Saturn V ca 2800 t, rymdfärjan hela stacken ca 2030 t);2024
Hade SR-71 Blackbird högre eller lägre toppfart än Concorde?;Smithsonian / Wikipedia (SR-71 absolut hastighetsrekord 3529,6 km/h, Concorde 2179 km/h);2026
Har en Bugatti Chiron mer eller mindre effekt än en Bugatti Veyron?;Bugatti tillverkarspecifikationer (Chiron 1500 hk, Veyron 1001 hk);2024
Är Queen Mary 2 längre eller kortare än Titanic?;Cunard / Wikipedia (QM2 345 m, Titanic 269 m);2024
Är Suezkanalen längre eller kortare än Panamakanalen?;Wikipedia (Suez 193 km, Panama 82 km);2024
Har Shanghais maglevtåg högre eller lägre marschfart än ett TGV?;Transrapid / SNCF (Maglev 431 km/h drift, TGV ca 320 km/h);2024
Väger Ariane 5 mer eller mindre vid start än en Falcon 9?;Wikipedia (Ariane 5 ca 777 t, Falcon 9 ca 549 t);2024
Är Burj Khalifa högre eller lägre än CN Tower?;Wikipedia (Burj Khalifa 828 m, CN Tower 553 m);2024
Har en F1-bil mer eller mindre effekt än en Volvo-lastbil?;FIA / Volvo Trucks (F1 ca 1000 hk inkl ERS, Volvo FH16 D16K 750 hk);2026
Väger Apollos månlandare mer eller mindre än kommandomodulen?;NASA Apollo-data (LM ca 15 t, CSM ca 30 t);2024
Väger rymdteleskopet Hubble mer eller mindre än James Webb?;NASA / ESA (Hubble ca 11,1 t, James Webb ca 6,5 t);2026
Är Frihetsgudinnan högre eller lägre än Eiffeltornet?;NPS / Wikipedia (Frihetsgudinnan ca 93 m m. sockel, Eiffeltornet 330 m);2024
Hade Wright Flyer kortare eller längre vingbredd än en Boeing 747?;Smithsonian / Boeing (Wright Flyer 12 m vingbredd, 747 ca 68 m);2024
Har Golden Gate-bron längre eller kortare spann än Brooklyn Bridge?;Wikipedia (Golden Gate huvudspann 1280 m, Brooklyn Bridge 486 m);2024
Väger containerfartyget Ever Given mer eller mindre än Titanic?;Wikipedia (Ever Given ca 220000 t deplacement, Titanic ca 52000 t);2024
Är Saturn V-raketen lägre eller högre än Eiffeltornet?;NASA / Wikipedia (Saturn V 111 m, Eiffeltornet 330 m);2024
Hade en Spitfire lägre eller högre toppfart än Concorde?;Wikipedia (Spitfire ca 582 km/h, Concorde ca 2179 km/h);2024
Var luftskeppet Hindenburg längre eller kortare än en Boeing 747?;Wikipedia (Hindenburg 245 m, 747-8 73,3 m);2024
Väger Titanic mer eller mindre än kryssningsfartyget Symphony of the Seas?;Wikipedia (Titanic ca 52000 t, Symphony of the Seas ca 228000 t);2024
Har en Tesla Model S Plaid mer eller mindre effekt än en Tesla Model 3?;Tesla tillverkarspecifikationer (Plaid 1020 hk, Model 3 ca 283 hk);2024
Hade Wright Flyer lägre eller högre toppfart än en Spitfire?;Wikipedia (Wright Flyer ca 48 km/h, Spitfire ca 582 km/h);2024
Hade en Ford Model T mer eller mindre effekt än en Bugatti Chiron?;Ford historik / Bugatti (Model T ca 20 hk, Chiron 1500 hk);2024
Väger Apollos kommandomodul mer eller mindre än rymdstationen ISS?;NASA (Apollo CSM ca 30 t, ISS ca 420 t);2024
Flyger rymdsonden Parker Solar Probe snabbare eller långsammare än Voyager 1?;NASA (Parker Solar Probe ca 690000 km/h max, Voyager 1 ca 61000 km/h);2024
Tar världsrekordet på 100 meter kortare eller längre tid än rekordet på 200 meter?;World Athletics (Usain Bolt 9,58 / 19,19);2009
Är en fotbollsplan längre än den är bred (proffsmått)?;FIFA/UEFA referensmått 105x68 m;2024
Är en NBA-plan kortare eller längre än en olympisk simbassäng?;NBA (28,65 m) / World Aquatics (50 m);2024
Rymmer Wembley fler eller färre åskådare än Camp Nou?;Wikipedia Wembley/Camp Nou kapacitet;2024
Sitter ett volleybollnät (herrar) högre eller lägre än en basketkorg?;FIVB (2,43 m) / FIBA-NBA (3,05 m);2024
Väger en fotboll mer eller mindre än en NBA-basketboll?;FIFA stl 5 (~430 g) / NBA (~624 g);2024
Är en NHL-rink längre eller kortare än en tennisbana?;NHL (61 m) / ITF tennisbana (23,77 m);2024
Är en golfboll mindre eller större i diameter än ett golfhål?;USGA/R&A (boll 42,67 mm / hål 108 mm);2024
Slår en baseboll snabbare eller långsammare i rekord än en tennisserve?;Guinness (baseboll Aroldis Chapman 105,8 mph = 170 km/h, 2010 / tennis Sam Groth 263 km/h, 2012);2012
Är en bowlingbana längre eller kortare än kastlinjen i dart?;USBC (18,29 m) / PDC/WDF oche (2,37 m);2024
Är världsrekordet i höjdhopp högre eller lägre än rekordet i stavhopp?;World Athletics (Sotomayor 2,45 / Duplantis 6,31);2026
Är världsrekordet i längdhopp kortare eller längre än rekordet i tresteg?;World Athletics (Powell 8,95 / Edwards 18,29);1995
Är ett Tour de France längre eller kortare än ett maratonlopp?;ASO Tour de France 2024 (3498 km) / maraton 42,195 km;2024
Är ett tennisnät högre vid mitten eller vid stolparna?;ITF (0,914 m mitt / 1,07 m stolpar);2024
Är en fotbollsplan bredare eller smalare än en basketplan är bred?;FIFA (68 m) / NBA (15,24 m);2024
Sitter ett volleybollnät för damer högre eller lägre än för herrar?;FIVB (dam 2,24 m / herr 2,43 m);2024
Är en tennisbana kortare eller längre än en NBA-plan?;ITF (23,77 m) / NBA (28,65 m);2024
Är ett maratonlopp längre eller kortare än ett 5000-meterslopp?;Officiella distanser (42,195 km / 5 km);2024
Är en volleybollplan längre än den är bred?;FIVB (18x9 m);2024
Spelas en fotbollsmatch under fler eller färre minuter än en NBA-match?;IFAB (90 min) / NBA (48 min);2024
Är en fotbollshalvlek längre eller kortare än en period i ishockey?;IFAB (45 min) / NHL/IIHF (20 min);2024
Avgörs en proffs-VM-match i boxning över fler eller färre ronder än en amatörmatch?;WBC m.fl. (12 ronder) / olympisk amatör (3 ronder);2024
Spelar ett rugbylag (union) med fler eller färre spelare än ett fotbollslag?;World Rugby (15) / FIFA (11);2024
Är ett 10 000-meterslopp kortare eller längre än ett maraton?;Officiella distanser (10 km / 42,195 km);2024
Väger en tennisboll mer eller mindre än en golfboll?;ITF (~58 g) / USGA (45,93 g);2024
Är ett ishockeymål smalare eller bredare än ett fotbollsmål?;IIHF (1,83 m) / IFAB (7,32 m);2024
Är ett fotbollsmål bredare eller smalare än ett handbollsmål?;IFAB (7,32 m) / IHF (3 m);2024
Är ett golfhål mindre eller större i diameter än en basketring?;USGA/R&A (10,8 cm) / FIBA-NBA (45,7 cm);2024
Är ett varv på en löparbana kortare eller längre än ett maraton?;World Athletics (400 m) / maraton 42,195 km;2024
Är en basketring mindre eller större i diameter än en fotbolls omkrets?;FIBA-NBA ring (45,7 cm) / FIFA stl 5 omkrets (~69 cm);2024
Tar världsrekordet på 800 meter (herrar) kortare eller längre tid än rekordet på 400 meter?;World Athletics (800 m Rudisha 1:40,91 = 100,91 s, 2012 / 400 m van Niekerk 43,03 s, 2016);2016
Tar världsrekordet på 1500 meter (herrar) kortare eller längre tid än rekordet på 800 meter?;World Athletics (1500 m El Guerrouj 3:26,00 = 206 s, 1998 / 800 m Rudisha 1:40,91 = 100,91 s, 2012);1998
Tar världsrekordet på 5000 meter (herrar) kortare eller längre tid än rekordet på 1500 meter?;World Athletics (5000 m Cheptegei 12:35,36 = 755,36 s, 2020 / 1500 m El Guerrouj 3:26,00 = 206 s, 1998);2020
Tar världsrekordet på 200 meter (herrar) kortare eller längre tid än damrekordet på 100 meter?;World Athletics (200 m Bolt 19,19 s, 2009 / 100 m damer Griffith-Joyner 10,49 s, 1988);2009
Är damernas världsrekord på 100 meter snabbare eller långsammare än herrarnas?;World Athletics (100 m damer Griffith-Joyner 10,49 s, 1988 / herrar Bolt 9,58 s, 2009);2009
Kastas herrarnas spjut längre eller kortare än rekordet i diskus?;World Athletics (spjut Železný 98,48 m, 1996 / diskus Schult 74,08 m, 1986);1996
Kastas herrarnas slägga längre eller kortare än rekordet i diskus?;World Athletics (slägga Sedych 86,74 m, 1986 / diskus Schult 74,08 m, 1986);1986
Stöts herrarnas kula längre eller kortare än rekordet i släggkast?;World Athletics (kula Crouser 23,56 m, 2023 / slägga Sedych 86,74 m, 1986);2023
Är världsrekordet i stavhopp högre eller lägre än längden på en ishockeyrink?;World Athletics (stavhopp Duplantis 6,31 m) / NHL-rink 200 ft = 60,96 m;2025
Är det längsta skidflygningshoppet längre eller kortare än rekordet i längdhopp?;Guinness/FIS (Stefan Kraft 253,5 m, 2017) / World Athletics (längdhopp Powell 8,95 m, 1991);2017
Väger en herrkula mer eller mindre än ett herrspjut?;World Athletics implement specs (kula 7,26 kg / spjut 0,8 kg);2024
Väger en herrslägga mer eller mindre än en herrdiskus?;World Athletics implement specs (slägga 7,26 kg / diskus 2 kg);2024
Väger en damkula mer eller mindre än en damdiskus?;World Athletics implement specs (kula damer 4 kg / diskus damer 1 kg);2024
Väger ett herrspjut mer eller mindre än ett damspjut?;World Athletics implement specs (spjut herrar 0,8 kg / damer 0,6 kg);2024
Är ett cricketwicket (pitch) längre eller kortare än en ishockeyrink?;ICC (pitch 22 yd = 20,12 m) / NHL-rink 200 ft = 60,96 m;2024
Rymmer Indianapolis Motor Speedway fler eller färre åskådare än Camp Nou?;Wikipedia (Indianapolis Motor Speedway permanent 235 000 / Camp Nou 99 354);2024
Rymmer Rungrado-stadion i Pyongyang fler eller färre åskådare än Wembley?;Wikipedia (Rungrado 114 000 / Wembley 90 000);2024
Rymmer Michigan Stadium fler eller färre åskådare än Madison Square Garden?;Wikipedia (Michigan Stadium 107 601 / MSG basket 19 812);2024
Rymmer Daytona International Speedway fler eller färre åskådare än Allianz Arena?;Wikipedia (Daytona 101 500 / Allianz Arena 75 000);2024
Rymmer Camp Nou fler eller färre åskådare än Melbourne Cricket Ground?;Wikipedia (Camp Nou 99 354 / MCG 100 024);2024
Är NBA:s trepoängslinje längre eller kortare bort än ett cricketwicket (pitch)?;NBA (trepoäng 7,24 m) / ICC (pitch 22 yd = 20,12 m);2024
Är en frikastlinje i basket längre eller kortare bort än en straffpunkt i fotboll?;FIBA (frikast 4,6 m) / IFAB (straffpunkt 11 m);2024
Är en curlingbana längre eller kortare än en bowlingbana?;World Curling (45,72 m) / USBC (18,29 m);2024
Är en boulebana längre eller kortare än en ishockeyrink?;FIPJP (boulebana 15 m) / NHL-rink 200 ft = 60,96 m;2024
Är en squashbana längre eller kortare än en boulebana?;World Squash (9,75 m) / FIPJP (boulebana 15 m);2024
Är en curlingbana längre eller kortare än en ishockeyrink?;World Curling (45,72 m) / NHL-rink 200 ft = 60,96 m;2024
Är en simbassäng (olympisk) längre eller kortare än en NHL-rink?;World Aquatics (50 m) / NHL-rink 200 ft = 60,96 m;2024
Är topphastigheten för en F1-bil högre eller lägre än för en MotoGP-motorcykel?;FIA/Autosport (F1 toppfart ~372 km/h, Bottas Mexiko 2016) / MotoGP rekord 366,1 km/h (Binder 2023);2023
Är den snabbaste tennisserven snabbare eller långsammare än topphastigheten för en MotoGP-motorcykel?;Guinness (tennis Sam Groth 263 km/h, 2012) / MotoGP rekord 366,1 km/h (Binder 2023);2023
Är den snabbaste tennisserven snabbare eller långsammare än det snabbaste basebollkastet?;Guinness (tennis Sam Groth 263 km/h, 2012 / baseboll Chapman 169,1 km/h, 2010);2012
Är en olympisk höjdhoppsplattform (svikt) högre eller lägre än ett stavhoppsrekord?;World Aquatics (höjdhoppsplattform 10 m) / World Athletics (stavhopp Duplantis 6,31 m);2025
Är Eiffeltornet högre eller lägre än en olympisk höjdhoppsplattform?;Eiffeltornet officiellt 330 m / World Aquatics höjdhoppsplattform 10 m;2024
Är ett snookerbord längre eller kortare än ett poolbord (spelyta)?;WPBSA (snooker spelyta 3,57 m) / WPA (pool 9 ft spelyta 2,54 m);2024
Väger en damkula mer eller mindre än en herrkula?;World Athletics implement specs (kula damer 4 kg / herrar 7,26 kg);2024
Är världsrekordet i tresteg längre eller kortare än längden på en simbassäng?;World Athletics (tresteg Edwards 18,29 m, 1995) / World Aquatics (bassäng 50 m);1995
Är ett varv på en inomhusbana (200 m) längre eller kortare än ett varv utomhus (400 m)?;World Athletics (inomhus 200 m / utomhus 400 m);2024
Är en handbollsplan längre eller kortare än en fotbollsplan?;IHF (handbollsplan 40 m) / FIFA referensmått (105 m);2024
Är en handbollsplan längre eller kortare än en basketplan?;IHF (handbollsplan 40 m) / NBA (basketplan 28,65 m);2024
Är en badmintonbana längre eller kortare än en NHL-rink?;BWF (badmintonbana 13,4 m) / NHL-rink 200 ft = 60,96 m;2024
Är ett bordtennisbord längre eller kortare än en badmintonbana?;ITTF (bordtennisbord 2,74 m) / BWF (badmintonbana 13,4 m);2024
Väger en bordtennisboll mer eller mindre än en golfboll?;ITTF (bordtennisboll 2,7 g) / USGA (golfboll 45,93 g);2024
Väger en handboll (herrar) mer eller mindre än en fotboll?;IHF (handboll stl 3 ~450 g) / FIFA (fotboll stl 5 ~430 g);2024
Väger en basketboll (NBA) mer eller mindre än en bordtennisboll?;NBA (basketboll ~624 g) / ITTF (bordtennisboll 2,7 g);2024
Väger en bowlingklot (max) mer eller mindre än en basketboll?;USBC/PBA (bowlingklot max 16 lbs = 7260 g) / NBA (basketboll ~624 g);2024
Väger en boxningshandske (proffs) mer eller mindre än en fotboll?;Boxningsförbund (10 oz proffshandske ~284 g) / FIFA (fotboll stl 5 ~430 g);2024
Är diametern på en basketboll större eller mindre än diametern på en golfboll?;FIBA-NBA (basketboll diameter ~24,6 cm) / USGA (golfboll 42,67 mm = 4,27 cm);2024
Är ett dartavstånd (oche) längre eller kortare än en frikastlinje i basket?;PDC/WDF (oche 2,37 m) / FIBA (frikast 4,6 m);2024
Är ett fält i amerikansk fotboll längre eller kortare än en fotbollsplan?;NFL (spelfält 100 yd = 91,44 m) / FIFA referensmått (105 m);2024
Är ett maratonlopp längre eller kortare än ett 100-meterslopp?;World Athletics (maraton 42 195 m / 100 m);2024
Är en basketkorg högre eller lägre än ett fotbollsmåls överliggare?;FIBA-NBA (basketkorg 3,05 m) / IFAB (fotbollsmål höjd 2,44 m);2024
Var Giro d'Italia 2024 längre eller kortare än Tour de France 2024?;Wikipedia (Giro d'Italia 2024 3400,8 km / Tour de France 2024 3498 km);2024
Är ett halvmaraton längre eller kortare än ett 10 km-lopp?;World Athletics (halvmaraton 21,0975 km / 10 km);2024
Är ett halvmaraton längre eller kortare än ett helt maraton?;World Athletics (halvmaraton 21,0975 km / maraton 42,195 km);2024
Är ett 3000 meter hinder längre eller kortare än ett 1500-meterslopp?;World Athletics (3000 m hinder 3 km / 1500 m 1,5 km);2024
Är längden på en olympisk roddbana längre eller kortare än ett maraton?;World Rowing (roddbana 2000 m = 2 km) / World Athletics (maraton 42,195 km);2024
Tar en period i ishockey kortare eller längre tid än en hel fotbollsmatch?;NHL/IIHF (period 20 min) / IFAB (fotbollsmatch 90 min);2024
Spelas en basketmatch (NBA) under fler eller färre minuter än en ishockeymatch?;NBA (48 min) / NHL/IIHF (60 min);2024
Spelas en handbollsmatch under fler eller färre minuter än en fotbollsmatch?;IHF (60 min) / IFAB (90 min);2024
Spelas en fjärdedel (quarter) i NBA under fler eller färre minuter än en period i ishockey?;NBA (quarter 12 min) / NHL/IIHF (period 20 min);2024
Väger en ishockeypuck mer eller mindre än en golfboll?;IIHF/NHL (puck ~170 g) / USGA (golfboll 45,93 g);2024
Har ett baseboll-lag fler eller färre spelare på plan än ett amerikansk fotbollslag?;MLB (baseboll 9) / NFL (amerikansk fotboll 11);2024
Har ett vattenpololag fler eller färre spelare i vattnet än ett basketlag på planen?;World Aquatics (vattenpolo 7) / FIBA (basket 5);2024
Är avståndet från pitchern till home plate i baseboll längre eller kortare än en frikastlinje i basket?;MLB (60,5 ft = 18,44 m) / FIBA (frikast 4,6 m);2024
Har ett rugby league-lag fler eller färre spelare än ett rugby union-lag?;RLIF (rugby league 13) / World Rugby (rugby union 15);2024
Är diametern på en bordtennisboll mindre eller större än en fotboll?;ITTF (bordtennisboll 40 mm) / FIFA (fotboll diameter ~220 mm);2024
Är diametern på en tennisboll större eller mindre än en bordtennisboll?;ITF (tennisboll ~67 mm) / ITTF (bordtennisboll 40 mm);2024
Är diametern på ett golfhål större eller mindre än en tennisbolls diameter?;USGA/R&A (golfhål 108 mm) / ITF (tennisboll ~67 mm);2024
Avgörs en tiebreak i tennis vid fler eller färre poäng än ett game (vanligt)?;ITF (tiebreak till 7 poäng / game vinns vid 4 poäng);2024
Är ett snookerbord längre eller kortare än ett bordtennisbord?;WPBSA (snooker spelyta 3,57 m) / ITTF (bordtennisbord 2,74 m);2024
Hoppar en längdhoppare ett världsrekord längre eller kortare än bredden på en fotbollsplan?;World Athletics (längdhopp Powell 8,95 m, 1991) / FIFA referensmått (bredd 68 m);1991
Väger lungorna mer eller mindre än hjärnan?;Normal Organ Weights (Duke Pathology, Typical Organ Weights Table); brain ~1336 g, lungs combined ~1300 g;2012
Väger hjärnan mer eller mindre än levern?;Normal Organ Weights in Men (PubMed/ResearchGate); brain ~1336 g, liver ~1500 g;2012
Väger levern mer eller mindre än lungorna?;Duke Pathology Typical Organ Weights; liver ~1500 g, lungs ~1300 g;2012
Har en vuxen fler eller färre tänder än antalet ryggkotor?;NHS inform (tänder) + standard anatomi (kotor 33);2024
Har en hand fler eller färre ben än skallen?;StatPearls Hand Bones (27 ben) + Kenhub/TeachMeAnatomy skull (22 ben: 8 kraniella + 14 ansikts);2024
Har en vuxen fler eller färre ben än en nyfödd?;Cleveland Clinic / IFLScience; vuxen 206, nyfödd ~300;2024
Har ett barn fler eller färre mjölktänder än en vuxens tänder?;Colgate / NHS inform; mjölktänder 20, vuxentänder 32;2024
Är lårbenet längre eller kortare än överarmsbenet?;PMC stature estimation; femur ~48 cm, humerus ~30 cm;2013
Har en vuxen fler eller färre tänder än antalet kromosomer i en cell?;genome.gov Chromosomes Fact Sheet (46) + NHS tänder (32);2024
Har en nyfödd fler eller färre ben än antalet muskler i kroppen?;Cleveland Clinic (nyfödd ~300) + Healthline muskler (~639);2024
Är en graviditet längre eller kortare än en röd blodkropps livslängd?;Cleveland Clinic gestation (280 dagar) + Stanford Blood Center RBC (~120 dagar);2024
Är vilopulsen fler eller färre slag än antalet spinala nervpar?;Johns Hopkins vital signs (vilopuls ~70/min) + careers360 spinala nervpar (31);2024
Har skallen fler eller färre ben än antalet kromosomer i en cell?;Kenhub skull (22 ben) + genome.gov Chromosomes Fact Sheet (46);2024
Väger levern mer eller mindre än mjälten?;Duke Pathology liver ~1500 g + ScienceDirect spleen ~150 g;2012
Finns det fler eller färre muskler i kroppen än antalet dagar en graviditet varar?;Healthline muskler (~639) + Cleveland Clinic gestation (280 dagar);2024
Tar man fler eller färre andetag per minut än antalet spinala nervpar?;American Lung Association respiratory rate (~16/min) + spinala nervpar (31);2024
Finns det fler eller färre kromosomer i en cell än vilopulsens slag per minut?;genome.gov kromosomer (46) + Johns Hopkins vilopuls (~70/min);2024
Har en vuxen fler eller färre ben än antalet muskler i kroppen?;BBC Science Focus ben (206) + Healthline muskler (~639);2024
Är tunntarmen längre eller kortare än tjocktarmen?;Cleveland Clinic small intestine (~7 m) + large intestine (~1,5 m);2024
Väger hjärtat mer eller mindre än hjärnan?;Normal Organ Weights; heart ~300 g, brain ~1336 g;2012
Väger levern mer eller mindre än båda njurarna tillsammans?;Duke Pathology liver ~1500 g + kidney ~135 g vardera (par ~270 g);2012
Tar man fler eller färre andetag per minut än vilopulsens slag per minut?;American Lung Association (~16 andetag/min) + Johns Hopkins (~70 slag/min);2024
Är vilopulsen fler eller färre slag än antalet mjölktänder hos ett barn?;Johns Hopkins vilopuls (~70/min) + Colgate mjölktänder (20);2024
Väger båda njurarna tillsammans mer eller mindre än lungorna?;Liv Hospital kidney (~135 g/st, par ~270 g) + lungs combined ~1300 g;2024
Väger hjärnan mer eller mindre än båda njurarna tillsammans?;Normal Organ Weights brain ~1336 g + kidneys par ~270 g;2012
Väger levern mer eller mindre än hjärtat?;Duke Pathology liver ~1500 g + heart ~300 g;2012
Finns det fler eller färre muskler i kroppen än vilopulsens slag per minut?;Healthline muskler (~639) + Johns Hopkins vilopuls (~70/min);2024
Väger mjälten mer eller mindre än bukspottkörteln?;ScienceDirect spleen (~150 g) + Cleveland Clinic pancreas (~90 g);2024
Väger hjärnan mer eller mindre än bukspottkörteln?;Normal Organ Weights brain ~1336 g + Cleveland Clinic pancreas (~90 g);2024
Har en nyfödd fler eller färre ben än antalet spinala nervpar?;Cleveland Clinic nyfödd (~300 ben) + spinala nervpar (31);2024
Har en fot fler eller färre ben än en hand?;Britannica / Z-Medical, fot 26 ben, hand 27 ben;2024
Tar man fler eller färre andetag än hjärtslag på en hel dag?;American Lung Association andningsfrekvens (~15/min, ~21 600/dygn) + Harvard Health hjärtfrekvens (~70/min, ~100 800/dygn);2024
Blinkar ögat fler eller färre gånger än man tar andetag på en hel dag?;Cleveland Clinic blinkfrekvens (~17/min, ~16 320/dygn) + American Lung Association andningsfrekvens (~15/min, ~21 600/dygn);2024
Är ett mänskligt öga större eller mindre i diameter än ögats lins?;ResearchGate eyeball (~24 mm) + PMC crystalline lens diameter (~10 mm);2022
Har en vuxen fler eller färre kranialnervspar än ryggkotor?;Cleveland Clinic kranialnerver (12 par) + medicinsk anatomi ryggkotor (26 ben);2024
Är matstrupen längre eller kortare än ryggmärgen?;ScienceInsights matstrupe (~25 cm) + StatPearls ryggmärg (~45 cm);2024
Lever en röd blodkropp längre eller kortare tid än en smakcell på tungan?;Stanford Blood Center RBC (~120 dagar) + MitoQ/forskning smakceller (~10 dagar);2024
Är luftstrupen längre eller kortare än matstrupen?;Cleveland Clinic luftstrupe (~11 cm) + ScienceInsights matstrupe (~25 cm);2024
Är skenbenet längre eller kortare än lårbenet?;PMC kroppslängdsestimering, skenben ~36 cm, lårben ~48 cm;2013
Är luftstrupen längre eller kortare än ryggmärgen?;Cleveland Clinic luftstrupe (~11 cm) + StatPearls ryggmärg (~45 cm);2024
Väger mjälten mer eller mindre än hjärtat?;ScienceDirect mjälte (~150 g) + Normal Organ Weights hjärta (~300 g);2012
Är ett nyfött barns kroppsvatten en högre eller lägre andel än en vuxens?;NPR/USGS kroppsvatten, nyfödd ~75 %, vuxen ~60 %;2013
Är överarmsbenet längre eller kortare än matstrupen?;PMC humerus (~30 cm) + ScienceInsights matstrupe (~25 cm);2013
Lever en hudcell i överhuden längre eller kortare tid än en magslemhinnecell?;Ask The Scientists epidermis (~28 dagar) + MitoQ magslemhinna (~5 dagar);2024
Väger båda njurarna tillsammans mer eller mindre än hjärtat?;Liv Hospital njure (~135 g/st, par ~270 g) + Normal Organ Weights hjärta (~300 g);2012
Är en mans urinrör längre eller kortare än luftstrupen?;Cleveland Clinic mannens urinrör (~20 cm) + luftstrupe (~11 cm);2024
Är stigbygeln, kroppens minsta ben, större eller mindre i längd än ögats diameter?;Wikipedia stapes (~3 mm) + ResearchGate eyeball (~24 mm);2022
Växer en fingernagel snabbare eller långsammare än en tånagel?;Healthline / ResearchGate nageltillväxt, fingernagel ~3 mm/mån, tånagel ~1 mm/mån;2010
Lever en röd blodkropp längre eller kortare tid än en hudcell i överhuden?;Stanford Blood Center RBC (~120 dagar) + Ask The Scientists epidermis (~28 dagar);2024
Är lårbenet längre eller kortare än ryggmärgen?;PMC lårben (~48 cm) + StatPearls ryggmärg (~45 cm);2013
Väger mjälten mer eller mindre än båda njurarna tillsammans?;ScienceDirect mjälte (~150 g) + Liv Hospital njurpar (~270 g);2012
Är matstrupen längre eller kortare än skenbenet?;ScienceInsights matstrupe (~25 cm) + PMC skenben (~36 cm);2013
Har tungan fler eller färre smaklökar än näsan har lukttyper den känner?;OpenStax smaklökar (~5 000) + Dana Foundation luktreceptortyper (~350);2024
Är överarmsbenet längre eller kortare än skenbenet?;PMC humerus (~30 cm) + skenben (~36 cm);2013
Lever en smakcell på tungan längre eller kortare tid än en magslemhinnecell?;MitoQ smakceller (~10 dagar) + magslemhinna (~5 dagar);2024
Väger levern mer eller mindre än mjälten och hjärtat tillsammans?;Duke Pathology lever (~1500 g) + mjälte (~150 g) + hjärta (~300 g), summa ~450 g;2012
Är en mans urinrör längre eller kortare än en kvinnas?;Cleveland Clinic / Merck, mannens urinrör ~20 cm, kvinnans ~4 cm;2024
Har skallen fler eller färre ben i ansiktet än i hjärnskålen?;TeachMeAnatomy skalle, 14 ansiktsben, 8 kranieben;2024
Har en vuxen fler eller färre ben i skallen än muskler i tungan?;Kenhub skalle (22 ben) + TeachMeAnatomy tungmuskler (8 st);2024
Lever en hudcell i överhuden längre eller kortare tid än en smakcell på tungan?;Ask The Scientists epidermis (~28 dagar) + MitoQ smakceller (~10 dagar);2024
Väger hjärnan mer eller mindre än levern och hjärtat tillsammans?;Normal Organ Weights hjärna (~1336 g) + lever (~1500 g) + hjärta (~300 g), summa ~1800 g;2012
Är ryggmärgen längre eller kortare än matstrupen och luftstrupen tillsammans?;StatPearls ryggmärg (~45 cm) + matstrupe (~25 cm) + luftstrupe (~11 cm), summa ~36 cm;2024
Har en vuxen fler eller färre ben än antalet smaklökar på tungan?;BBC Science Focus ben (206) + OpenStax smaklökar (~5 000);2024
Är luftstrupens diameter större eller mindre än ögats diameter?;Cleveland Clinic luftstrupe-diameter (~20 mm) + ResearchGate eyeball (~24 mm);2024
Väger mjälten mer eller mindre än hjärnan?;ScienceDirect mjälte (~150 g) + Normal Organ Weights hjärna (~1336 g);2012
Lever en röd blodkropp längre eller kortare tid än en magslemhinnecell?;Stanford Blood Center RBC (~120 dagar) + MitoQ magslemhinna (~5 dagar);2024
Är en mans urinrör längre eller kortare än matstrupen?;Cleveland Clinic mannens urinrör (~20 cm) + ScienceInsights matstrupe (~25 cm);2024
Har en hand fler eller färre ben än antalet tänder hos en vuxen?;StatPearls hand (27 ben) + NHS inform tänder (32);2024
Är aortans diameter större eller mindre än luftstrupens diameter?;JACC aorta-diameter (~30 mm) + Cleveland Clinic luftstrupe (~20 mm);2024
Väger bukspottkörteln mer eller mindre än båda njurarna tillsammans?;Cleveland Clinic bukspottkörtel (~90 g) + Liv Hospital njurpar (~270 g);2024
Är överarmsbenet längre eller kortare än luftstrupen?;PMC humerus (~30 cm) + Cleveland Clinic luftstrupe (~11 cm);2013
Har tungan fler eller färre smaklökar än kroppen har svettkörtlar?;OpenStax smaklökar (~5 000) + IACD svettkörtlar (~3 miljoner);2024
Är ögats lins större eller mindre i diameter än aortan?;PMC linsdiameter (~10 mm) + JACC aorta-diameter (~30 mm);2022
Har en vuxen fler eller färre ben än antalet alveoler i lungorna?;BBC Science Focus ben (206) + AJRCCM alveoler (~480 miljoner);2004
Är en kvinnas urinrör längre eller kortare än den minsta hörselbenets längd?;Cleveland Clinic kvinnans urinrör (~40 mm) + Wikipedia stapes (~3 mm);2024
Tar hjärtat fler eller färre slag än ögat blinkar på en hel dag?;Harvard Health hjärtfrekvens (~70/min, ~100 800/dygn) + Cleveland Clinic blink (~16 320/dygn);2024
Växer håret snabbare eller långsammare per månad än en fingernagel?;Wikipedia hårtillväxt (~10 mm/mån) + Healthline fingernagel (~3 mm/mån);2024
Är matstrupen längre eller kortare än luftstrupen och en mans urinrör tillsammans?;ScienceInsights matstrupe (~25 cm) + luftstrupe (~11 cm) + urinrör (~20 cm), summa ~31 cm;2024
Har kroppen fler eller färre svettkörtlar än alveoler i lungorna?;IACD svettkörtlar (~3 miljoner) + AJRCCM alveoler (~480 miljoner);2024
Har en vuxen fler eller färre ben i hjärnskålen än kranialnervspar?;TeachMeAnatomy kranieben (8 st) + Cleveland Clinic kranialnerver (12 par);2024
Väger hjärnan mer eller mindre än mjälten och bukspottkörteln tillsammans?;Normal Organ Weights hjärna (~1336 g) + mjälte (~150 g) + bukspottkörtel (~90 g), summa ~240 g;2012
Är ryggmärgen längre eller kortare än en mans urinrör?;StatPearls ryggmärg (~45 cm) + Cleveland Clinic mannens urinrör (~20 cm);2024
Har kroppen fler eller färre muskler än tungan har smaklökar?;Healthline muskler (~639) + OpenStax smaklökar (~5 000);2024
Är ögat större eller mindre i diameter än aortan?;ResearchGate eyeball (~24 mm) + JACC aorta-diameter (~30 mm);2022
Väger levern mer eller mindre än hjärnan, hjärtat och mjälten tillsammans?;Duke Pathology lever (~1500 g) + hjärna (~1336 g) + hjärta (~300 g) + mjälte (~150 g), summa ~1786 g;2012
Har kroppen fler eller färre svettkörtlar än röda blodkroppar bildas per sekund?;IACD svettkörtlar (~3 miljoner) + Wikipedia RBC-produktion (~2,4 miljoner/sek);2024
Är lårbenet längre eller kortare än matstrupen och luftstrupen tillsammans?;PMC lårben (~48 cm) + matstrupe (~25 cm) + luftstrupe (~11 cm), summa ~36 cm;2013
Är ryggmärgen längre eller kortare än skenbenet?;StatPearls ryggmärg (~45 cm) + PMC skenben (~36 cm);2024
Är skenbenet längre eller kortare än en mans urinrör?;PMC skenben (~36 cm) + Cleveland Clinic mannens urinrör (~20 cm);2024
Är en kvinnas urinrör längre eller kortare än ögats diameter?;Cleveland Clinic kvinnans urinrör (~40 mm) + ResearchGate eyeball (~24 mm);2024
Har Vänern större eller mindre yta än Mälaren?;SMHI / SO-rummet – Sveriges största sjöar;2024
Har Mälaren större eller mindre yta än Vättern?;SMHI / SO-rummet – Sveriges största sjöar;2024
Har Siljan större eller mindre yta än Torneträsk?;SMHI – Sveriges sjöar;2024
Har Hjälmaren större eller mindre yta än Vänern?;SMHI / SO-rummet – Sveriges största sjöar;2024
Har Malmö större eller mindre folkmängd än Göteborg? (2024);SCB – folkmängd per kommun 31 dec 2024;2024
Har Uppsala större eller mindre folkmängd än Linköping? (2024);SCB – folkmängd per kommun 31 dec 2024;2024
Har Malmö större eller mindre folkmängd än Linköping? (2024);SCB – folkmängd per kommun 31 dec 2024;2024
Har Göteborg större eller mindre folkmängd än Stockholm? (2024);SCB – folkmängd per kommun 31 dec 2024;2024
Har Stockholm större eller mindre folkmängd än Malmö? (2024);SCB – folkmängd per kommun 31 dec 2024;2024
Har Linköping större eller mindre folkmängd än Uppsala? (2024);SCB – folkmängd per kommun 31 dec 2024;2024
Är Öresundsbron längre eller kortare än Ölandsbron?;Trafikverket / Öresundsbro Konsortiet;2024
Är Hisingsbron längre eller kortare än Götaälvbron?;Wikipedia – Hisingsbron / Götaälvbron;2024
Är Götaälvbron längre eller kortare än Ölandsbron?;Wikipedia – Götaälvbron / Trafikverket;2024
Är Öresundsbron längre eller kortare än Götaälvbron?;Öresundsbro Konsortiet / Wikipedia – Götaälvbron;2024
Är Kista Science Tower högre eller lägre än Turning Torso?;Wikipedia / Swedishnomad – Sveriges högsta byggnader;2024
Är Karlatornet högre eller lägre än Globen?;Storstad.se / Wikipedia – Globen;2024
Är Kaknästornet högre eller lägre än Globen?;Wikipedia – Kaknästornet / Globen;2024
Är Globen högre eller lägre än Turning Torso?;Wikipedia – Globen / Turning Torso;2024
Är Kaknästornet högre eller lägre än Turning Torso?;Wikipedia – Kaknästornet / Turning Torso;2024
Har Öland större eller mindre yta än Gotland?;SCB – Sveriges största öar;2024
Har Öland större eller mindre yta än Orust?;SCB / Wikipedia – Orust;2024
Har Orust större eller mindre yta än Gotland?;SCB / Wikipedia – Orust;2024
Är Kebnekaise högre eller lägre än Sarektjåkkå?;Lantmäteriet / Wikipedia – Kebnekaise, Sarektjåkkå;2024
Är Helagsfjället högre eller lägre än Kebnekaise?;Wikipedia – Helagsfjället / Kebnekaise;2024
Är avståndet Stockholm–Göteborg längre eller kortare än Stockholm–Malmö?;distance.to – fågelvägen;2024
Är avståndet Malmö–Kiruna längre eller kortare än Göteborg–Malmö?;distance.to – fågelvägen;2024
Är avståndet Stockholm–Kiruna längre eller kortare än Göteborg–Malmö?;distance.to – fågelvägen;2024
Är avståndet Göteborg–Malmö längre eller kortare än Stockholm–Göteborg?;distance.to – fågelvägen;2024
Har vit choklad fler eller färre kalorier än mjölkchoklad?;USDA FoodData Central;2024
Har gurka fler eller färre kalorier än cashewnötter?;USDA FoodData Central;2024
Har selleri fler eller färre kalorier än en avokado?;USDA FoodData Central;2024
Har cheddar fler eller färre kalorier än gouda?;Livsmedelsverket / USDA FoodData Central;2024
Har ett äpple fler eller färre kalorier än en avokado?;USDA FoodData Central;2024
Innehåller Coca-Cola mer eller mindre socker än apelsinjuice?;Coca-Cola Company / Livsmedelsverket;2024
Har en banan fler eller färre kalorier än ett äpple?;USDA FoodData Central;2024
Innehåller kycklingbröst mer eller mindre protein än lax?;USDA FoodData Central;2024
Har vitt bröd fler eller färre kalorier än kokt ris?;USDA FoodData Central;2024
Producerades det mer eller mindre kaffe än te i världen 2023?;ICO / Tea & Coffee Trade Journal (Global Tea Report);2023
Produceras det fler eller färre ton bananer än äpplen i världen? (2023);FAOSTAT;2023
Har mörk choklad fler eller färre kalorier än vitt bröd?;USDA FoodData Central;2024
Innehåller tofu mer eller mindre protein än linser?;USDA FoodData Central;2024
Producerades det fler eller färre ton olivolja än honung i världen 2023?;International Olive Council / FAO;2023
Har popcorn fler eller färre kalorier än valnötter?;USDA FoodData Central;2024
Innehåller standardmjölk mer eller mindre socker än Coca-Cola?;Coca-Cola Company / Livsmedelsverket;2024
Innehåller ett ägg mer eller mindre protein än cheddar?;USDA FoodData Central;2024
Har en avokado fler eller färre kalorier än en banan?;USDA FoodData Central / Harvard Nutrition Source;2024
Produceras det fler eller färre ton bananer än potatis i världen? (2023);FAOSTAT;2023
Innehåller Coca-Cola mer eller mindre koffein än filterkaffe?;Coca-Cola Company / Novum Coffee;2024
Har en avokado fler eller färre kalorier än olivolja?;USDA FoodData Central;2024
Producerades det fler eller färre liter vin än öl i världen 2023?;OIV / BarthHaas Report;2023
Producerades det fler eller färre ton vete än potatis i världen? (2023);FAOSTAT;2023
Har olivolja fler eller färre kalorier än smör?;USDA FoodData Central;2024
Innehåller en apelsin mer eller mindre kalium än en banan?;USDA FoodData Central;2024
Har lättmjölk fler eller färre kalorier än vispgrädde?;USDA FoodData Central;2024
Innehåller en kopp svart te mer eller mindre koffein än en espresso?;USDA FoodData Central / Wikipedia (Espresso);2024
Väger en Big Mac mer eller mindre än en standardpizza Margherita?;McDonald's näringsinfo / branschuppgifter;2024
Väger ett hönsägg mer eller mindre än en strutsägg?;USDA FoodData Central / branschuppgifter;2024
Har mandel fler eller färre kalorier än jordnötter?;USDA FoodData Central;2024
Har cashewnötter fler eller färre kalorier än pistagenötter?;USDA FoodData Central;2024
Har olivolja fler eller färre kalorier än kokosolja?;USDA FoodData Central;2024
Har kokt vitt ris fler eller färre kalorier än kokt fullkornsris?;USDA FoodData Central;2024
Innehåller gurka mer eller mindre vatten än vattenmelon?;USDA FoodData Central;2024
Innehåller en citron mer eller mindre C-vitamin än apelsinjuice?;USDA FoodData Central;2024
Innehåller Coca-Cola mer eller mindre socker än Red Bull?;Coca-Cola Company / Red Bull GmbH;2024
Innehåller en banan mer eller mindre kalium än en potatis?;USDA FoodData Central;2024
Har en morot fler eller färre kalorier än broccoli?;USDA FoodData Central;2024
Har feta fler eller färre kalorier än mozzarella?;USDA FoodData Central;2024
Innehåller en mango mer eller mindre socker än ananas?;USDA FoodData Central;2024
Innehåller ett äpple mer eller mindre fiber än ett päron?;USDA FoodData Central;2024
Innehåller honung mer eller mindre socker än lönnsirap?;USDA FoodData Central;2024
Innehåller helmjölk mer eller mindre fett än grekisk yoghurt?;USDA FoodData Central;2024
Har lönnsirap fler eller färre kalorier än strösocker?;USDA FoodData Central;2024
Har cheddar fler eller färre kalorier än feta?;USDA FoodData Central;2024
Har druvor fler eller färre kalorier än en apelsin?;USDA FoodData Central;2024
Innehåller jordgubbar mer eller mindre C-vitamin än kiwi?;USDA FoodData Central;2024
Har nötfärs fler eller färre kalorier än kycklingbröst?;USDA FoodData Central;2024
Har pommes frites fler eller färre kalorier än potatischips?;USDA FoodData Central;2024
Har blåbär fler eller färre kalorier än jordgubbar?;USDA FoodData Central;2024
Har kokt pasta fler eller färre kalorier än kokt potatis?;USDA FoodData Central;2024
Innehåller mörk choklad mer eller mindre socker än mjölkchoklad?;USDA FoodData Central / myfooddata;2024
Innehåller kokta linser mer eller mindre protein än kokta kikärter?;USDA FoodData Central;2024
Har bacon fler eller färre kalorier än nötfärs?;USDA FoodData Central;2024
Har en croissant fler eller färre kalorier än en bagel?;USDA FoodData Central;2024
Har en tomat fler eller färre kalorier än röd paprika?;USDA FoodData Central;2024
Har kokta äggnudlar fler eller färre kalorier än kokt couscous?;USDA FoodData Central;2024
Har en avokado fler eller färre kalorier än kokt pasta?;USDA FoodData Central;2024
Har gouda fler eller färre kalorier än brie?;USDA FoodData Central;2024
Innehåller en kopp grönt te mer eller mindre koffein än filterkaffe?;USDA FoodData Central / Eufic;2024
Innehåller parmesan mer eller mindre protein än ett ägg?;USDA FoodData Central;2024
Innehåller Red Bull mer eller mindre koffein än en Monster?;Red Bull GmbH / Caffeine Informer;2024
Har popcorn fler eller färre kalorier än potatischips?;USDA FoodData Central;2024
Innehåller en banan mer eller mindre C-vitamin än en kiwi?;USDA FoodData Central;2024
Innehåller spenat mer eller mindre järn än nötkött?;USDA FoodData Central;2024
Har en banan fler eller färre kalorier än vindruvor?;USDA FoodData Central;2024
Har Whopper fler eller färre kalorier än en Big Mac?;Burger King / McDonald's näringsinfo;2024
Har jordnötssmör fler eller färre kalorier än Nutella?;USDA FoodData Central / Ferrero;2024
Innehåller cheddar mer eller mindre protein än mandel?;USDA FoodData Central;2024
Har vaniljglass fler eller färre kalorier än grekisk yoghurt?;USDA FoodData Central;2024
Innehåller en kopp svart te mer eller mindre koffein än grönt te?;USDA FoodData Central / Eufic;2024
Har russin fler eller färre kalorier än färska vindruvor?;USDA FoodData Central;2024
Innehåller russin mer eller mindre socker än färska vindruvor?;USDA FoodData Central;2024
Innehåller en espresso mer eller mindre koffein än Coca-Cola?;USDA FoodData Central / Coca-Cola Company;2024
Har olivolja fler eller färre kalorier än kokt potatis?;USDA FoodData Central;2024
Väger ett hönsägg mer eller mindre än ett vaktelägg?;USDA FoodData Central / Nutrition Advance;2024
Har vispgrädde fler eller färre kalorier än lättmjölk?;USDA FoodData Central;2024
Innehåller smör mer eller mindre fett än olivolja?;USDA FoodData Central;2024
Har vodka fler eller färre kalorier än öl?;USDA FoodData Central / Healthline;2024
Innehåller mörk choklad mer eller mindre koffein än mjölkchoklad?;USDA (via Greatist / Yahoo Lifestyle);2024
Hade Norge fler eller färre invånare än Finland 2024?;SSB / Statistikcentralen (Norge ~5,57 milj, Finland ~5,62 milj);2024
Drog Barbie in mer eller mindre än Super Mario Bros-filmen i biljettintäkter (2023)?;Variety / Box Office Mojo (Barbie ~1,36 mdr USD, Super Mario ~1,35 mdr USD, 2023 års rapportering);2023
Hade Instagram fler eller färre månadsanvändare än TikTok 2024?;DataReportal / Statista (Instagram ~2,0 mdr MAU, TikTok ~1,58 mdr MAU);2024
Hade McDonald's fler eller färre restauranger i världen än Starbucks 2024?;McDonald's "Restaurants by Market 2024" (43 477) / Starbucks SEC 8-K Q4 FY2024 (40 199);2024
Drog Oppenheimer in mer eller mindre än Barbie i biljettintäkter (2023)?;Box Office Mojo / Variety (Oppenheimer ~950 milj USD, Barbie ~1,36 mdr USD);2023
Har Lionel Messi fler eller färre följare på Instagram än Cristiano Ronaldo (2024)?;Sportico / Wikipedia List of most-followed Instagram accounts (Messi ~503, Ronaldo ~632 milj);2024
Drog Deadpool & Wolverine in mer eller mindre än Insidan ut 2 i biljettintäkter (2024)?;Box Office Mojo / Statista (Deadpool & Wolverine ~1,338 mdr, Insidan ut 2 ~1,699 mdr USD);2024
Hade Polen en större eller mindre BNP än Sverige 2023?;Worldometer / Världsbanken (Polen ~809 mdr USD, Sverige ~579 mdr USD, nominellt);2023
Drog Vaiana 2 in mer eller mindre än Deadpool & Wolverine i biljettintäkter (2024)?;Box Office Mojo (Vaiana 2 ~1,059 mdr slutsumma, Deadpool & Wolverine ~1,338 mdr USD);2024
Hade Cristiano Ronaldo fler eller färre följare på Instagram än Selena Gomez (2024)?;Wikipedia: List of most-followed Instagram accounts (Ronaldo ~632, Selena ~426 milj);2024
Hade Microsoft en större eller mindre årsomsättning än Apple räkenskapsåret 2023?;Microsoft FY2023 10-K (~211,9 mdr USD) / Apple 10-K FY2023 (383,3 mdr USD);2023
Drog Insidan ut 2 in mer eller mindre än Vaiana 2 i biljettintäkter (2024)?;Box Office Mojo (Insidan ut 2 ~1,699 mdr, Vaiana 2 ~1,059 mdr slutsumma USD);2024
Hade Danmark fler eller färre invånare än Sverige 2024?;Danmarks Statistik / SCB (Danmark ~5,96 milj, Sverige ~10,55 milj);2024
Hade Amazon en större eller mindre årsomsättning än Alphabet 2023?;Amazon 10-K 2023 (~574,8 mdr) / Alphabet 10-K 2023 (~307,4 mdr USD);2023
Hade Apple en större eller mindre årsomsättning än Walmart räkenskapsåret 2023?;Apple 10-K FY2023 (383,3 mdr USD) / Walmart 10-K FY2023 (611 mdr USD);2023
Hade Netflix fler eller färre abonnenter än Disney+ vid slutet av 2024?;Netflix Q4 2024 (~301 milj) / Disney Q4 FY2024 8-K (~124,6 milj, exkl. Hotstar);2024
Drog Elton Johns Farewell Yellow Brick Road-turné in mer eller mindre än Taylor Swifts Eras Tour totalt?;Billboard Boxscore (Elton John 939,1 milj slutsumma) / Variety (Eras 2,08 mdr USD slutsumma);2023-2024
Hade Spotify fler eller färre betalande premiumkunder än totala månadsanvändare i slutet av 2024?;Spotify Q4 2024 6-K (premium 263 milj, MAU 675 milj);2024
Hade Meta en större eller mindre årsomsättning än Amazon 2023?;Meta 10-K 2023 (~134,9 mdr) / Amazon 10-K 2023 (~574,8 mdr USD);2023
Såldes det fler eller färre PlayStation 5 än Xbox Series X/S under 2024?;VGChartz helårsestimat 2024 (PS5 ~18,65 milj, Xbox Series ~4,97 milj);2024
Levererade Tesla fler eller färre bilar än Volkswagen-koncernen 2023?;Tesla Q4 2023 (1,81 milj) / VW Group årsredovisning 2023 (9,24 milj);2023
Levererade Tesla fler eller färre bilar än Toyota 2023?;Tesla Q4 2023 (1,81 milj) / Toyota global 2023 (11,23 milj);2023
Hade Amazon fler eller färre anställda än Apple 2023?;Amazon 10-K 2023 (~1 525 000) / Apple 10-K FY2023 (~161 000);2023
Hade USA fler eller färre invånare än Sverige 2024?;US Census 2024 estimat (~340,1 milj) / SCB (Sverige ~10,55 milj);2024
Hade Indien fler eller färre invånare än Sverige 2024?;UN World Population Prospects 2024 (Indien ~1 451 milj) / SCB (Sverige ~10,55 milj);2024
Hade Danmark fler eller färre invånare än Finland 2024?;Danmarks Statistik / Statistikcentralen (Danmark ~5,96 milj, Finland ~5,62 milj);2024
Sålde Hogwarts Legacy fler eller färre exemplar än Zelda: Tears of the Kingdom under 2023?;Variety / Warner Bros (Hogwarts Legacy ~22 milj) / Nintendo (Tears of the Kingdom 20,28 milj);2023
Hade MrBeast färre eller fler YouTube-prenumeranter än Cristiano Ronaldo hade Instagram-följare (2024)?;Dexerto / Wikipedia (MrBeast ~334 milj YouTube vid årsskiftet 2024, Ronaldo ~632 milj Instagram);2024
Hade Tyskland fler eller färre invånare än Frankrike 2024?;Destatis (Tyskland 83,58 milj 31 dec 2024) / Insee (Frankrike ~64,9 milj);2024
Hade Nigeria fler eller färre invånare än Brasilien 2024?;UN World Population Prospects / Worldometer (Nigeria ~232,7 milj, Brasilien ~212 milj);2024
Hade Japan fler eller färre invånare än Mexiko 2024?;UN/Worldometer (Japan ~124 milj, Mexiko ~131 milj);2024
Hade Egypten fler eller färre invånare än Tyskland 2024?;Worldometer (Egypten ~116,5 milj) / Destatis (Tyskland 83,58 milj);2024
Hade Sydkorea fler eller färre invånare än Spanien 2024?;Statistics Korea (~51,74 milj) / INE (Spanien 48,62 milj 1 jan 2024);2024
Hade Australien fler eller färre invånare än Taiwan 2024?;ABS (Australien ~27,2 milj) / Taiwan MOI (~23,95 milj);2024
Hade Tokyos storstadsområde fler eller färre invånare än Delhis 2024?;UN World Urbanization Prospects / Macrotrends (Tokyo metro ~37,1 milj, Delhi metro ~33,8 milj);2024
Hade Saudiarabien fler eller färre invånare än Sverige 2024?;GASTAT (Saudiarabien 35,3 milj mid-2024) / SCB (Sverige 10,59 milj slut 2024);2024
Hade Kina en större eller mindre BNP än USA 2024?;Världsbanken / IMF (Kina ~18,74 biljoner USD, USA ~29,18 biljoner USD, nominellt);2024
Hade Indien en större eller mindre BNP än Japan 2024?;IMF WEO (Indien ~3,91 biljoner USD, Japan ~4,03 biljoner USD, nominellt);2024
Hade Sverige en större eller mindre BNP än Norge 2024?;Världsbanken (Sverige ~610 mdr USD, Norge ~484 mdr USD, nominellt);2024
Hade Indonesien en större eller mindre BNP än Nederländerna 2024?;Världsbanken (Indonesien ~1396 mdr USD, Nederländerna ~1228 mdr USD, nominellt);2024
Hade Schweiz en större eller mindre BNP än Saudiarabien 2024?;Världsbanken (Schweiz ~937 mdr USD, Saudiarabien ~1238 mdr USD, nominellt);2024
Hade Nvidia en större eller mindre årsomsättning än Apple räkenskapsåret 2024/2025?;Nvidia 8-K FY2025 (130,5 mdr USD) / Apple 10-K FY2024 (391 mdr USD);2024-2025
Drog Lilo & Stitch in mer eller mindre än A Minecraft Movie i biljettintäkter (2025)?;Box Office Mojo / Variety (Lilo & Stitch ~1,038 mdr USD, A Minecraft Movie ~955 milj USD);2025
Drog Insidan ut 2 in mer eller mindre än Lejonkungen (2019) i biljettintäkter totalt?;Box Office Mojo (Insidan ut 2 ~1,687 mdr USD, Lejonkungen 2019 ~1,657 mdr USD);2024
Drog Vaiana 2 in mer eller mindre än Wicked i biljettintäkter (2024)?;Box Office Mojo / Variety (Vaiana 2 ~904 milj per dec 2024, Wicked ~465 milj USD);2024
Drog Avatar (2009) in mer eller mindre än Titanic i biljettintäkter totalt?;Box Office Mojo (Avatar ~2,92 mdr USD, Titanic ~2,242 mdr USD, inkl. återlanseringar);2024
Hade Taylor Swift fler eller färre månadslyssnare på Spotify än Drake (2024)?;Spotify Wrapped 2024 / ChartMasters (Taylor Swift ~91,7 milj, Drake ~73,3 milj månadslyssnare);2024
Hade Neymar fler eller färre följare på Instagram än Kylian Mbappé (2024)?;Wikipedia: List of most-followed Instagram accounts (Neymar ~234 milj, Mbappé ~118 milj);2024
Sålde Nintendo Switch fler eller färre konsoler totalt än PlayStation 4 (2024)?;Nintendo (Switch ~153 milj per slut 2024) / Sony / VGChartz (PS4 ~117 milj);2024
Sålde BYD fler eller färre bilar totalt än Tesla under 2024?;BYD årsredovisning 2024 (~4,27 milj NEV) / Tesla Q4 2024 (1,79 milj levererade);2024
Hade Real Madrid större eller mindre intäkter än Manchester City säsongen 2023/24?;Deloitte Football Money League 2025 (Real Madrid 1045,5 milj EUR, Man City 838 milj EUR);2023-2024
Hade Apple ett större eller mindre börsvärde än Nintendo (2024)?;CompaniesMarketCap (Apple ~3,4 biljoner USD, Nintendo ~52 mdr USD, börsvärde slut 2024);2024
Hade Walmart en större eller mindre årsomsättning än Spotify räkenskapsåret 2024/2025?;Walmart 8-K FY2025 (~681 mdr USD) / Spotify FY2024 (~16 mdr USD omräknat från EUR);2024-2025
Hade Kina fler eller färre invånare än USA 2024?;UN / Worldometer (Kina ~1420 milj) / US Census (USA ~345 milj);2024
Hade Vietnam fler eller färre invånare än Iran 2024?;US Census / Worldometer (Vietnam ~100,99 milj, Iran ~91,57 milj);2024
Hade Kanada en större eller mindre BNP än Ryssland 2024?;IMF WEO / StatisticsTimes (Kanada ~2244 mdr USD, Ryssland ~2174 mdr USD, nominellt);2024
Hade Italien en större eller mindre BNP än Brasilien 2024?;IMF WEO / Världsbanken (Italien ~2373 mdr USD, Brasilien ~2179 mdr USD, nominellt);2024
Hade Facebook fler eller färre månadsanvändare än YouTube 2024?;DataReportal / Statista (Facebook ~3,07 mdr MAU, YouTube ~2,5 mdr MAU);2024
Hade WhatsApp fler eller färre månadsanvändare än WeChat 2024?;Statista / Meta (WhatsApp ~3,0 mdr MAU, WeChat ~1,43 mdr MAU);2024
Drog Avengers: Endgame in mer eller mindre än Star Wars: The Force Awakens i biljettintäkter totalt?;Box Office Mojo (Endgame ~2,189 mdr USD, Force Awakens ~2,068 mdr USD);2024
Sålde Minecraft fler eller färre exemplar totalt än Grand Theft Auto V (2024)?;Mojang/Microsoft (Minecraft ~300 milj per okt 2023) / Take-Two (GTA V ~200 milj per maj 2024);2024
Hade Microsoft en större eller mindre årsomsättning än Samsung räkenskapsåret 2024?;Microsoft 10-K FY2024 (~245 mdr USD) / Samsung FY2024 (~207 mdr USD omräknat från KRW);2024
Hade Dallas Cowboys ett större eller mindre marknadsvärde än Real Madrid 2024?;Sportico 2024 NFL valuations (Cowboys ~10,1 mdr USD) / Forbes/Sportico (Real Madrid ~6,6 mdr USD);2024
Hade Amazon en större eller mindre årsomsättning än Netflix 2024?;Amazon 10-K 2024 (638 mdr USD) / Netflix 2024 (~38,8 mdr USD);2024
Hade Argentina fler eller färre invånare än Colombia 2024?;Worldometer / DANE (Argentina ~45,7 milj, Colombia ~52,9 milj);2024
Drog Jurassic World in mer eller mindre än The Avengers (2012) i biljettintäkter totalt?;Box Office Mojo (Jurassic World ~1,670 mdr USD, The Avengers 2012 ~1,519 mdr USD);2024
Hade Irland en större eller mindre BNP än Danmark 2024?;IMF WEO (Irland ~561 mdr USD) / Världsbanken (Danmark ~429 mdr USD, nominellt);2024
Hade Pakistan fler eller färre invånare än Indonesien 2024?;Worldometer / BPS (Pakistan ~251,27 milj, Indonesien ~283,49 milj);2024
Hade Toyota en större eller mindre årsomsättning än Volkswagen 2024?;Macrotrends/Toyota (~311 mdr USD) / VW Group FY2024 (324,7 mdr EUR ≈ 353 mdr USD);2024
Hade The Weeknds Blinding Lights fler eller färre Spotify-streams än Ed Sheerans Shape of You (2025)?;ChartMasters / Spotify (Blinding Lights ~5,0 mdr streams, Shape of You ~4,0 mdr streams);2025
Hade Filippinerna fler eller färre invånare än Etiopien 2024?;PSA (Filippinerna 112,7 milj census 2024) / Worldometer (Etiopien ~132,1 milj);2024
Hade Disney en större eller mindre årsomsättning än Netflix räkenskapsåret 2024?;Disney 8-K FY2024 (91,4 mdr USD) / Netflix 2024 (~38,8 mdr USD);2024
Drog Barbie in mer eller mindre än Frost 2 i biljettintäkter totalt?;Box Office Mojo (Barbie ~1,38 mdr USD, Frost 2 ~1,453 mdr USD);2024
Hade Storbritannien fler eller färre invånare än Thailand 2024?;ONS (Storbritannien ~69,3 milj) / Worldometer (Thailand ~70,27 milj);2024
Hade Förenade Arabemiraten en större eller mindre BNP än Israel 2024?;Världsbanken (UAE ~537 mdr USD) / IMF (Israel ~565 mdr USD, nominellt);2024
Hade Iran fler eller färre invånare än Turkiet 2024?;Worldometer / TÜİK (Iran ~91,57 milj, Turkiet ~85,52 milj);2024
Hade Grekland en större eller mindre BNP än Portugal 2024?;IMF WEO (Grekland ~253 mdr USD) / Världsbanken (Portugal ~309 mdr USD, nominellt);2024
Hade Saudi Aramco en större eller mindre årsomsättning än Apple 2024?;Saudi Aramco FY2024 (~480,57 mdr USD) / Apple 10-K FY2024 (391 mdr USD);2024
Hade Spotify fler eller färre månadsanvändare än Netflix hade abonnenter i slutet av 2024?;Spotify Q4 2024 (678 milj MAU) / Netflix Q4 2024 (~301 milj abonnenter);2024
Hade Egypten en större eller mindre BNP än Norge 2024?;Världsbanken (Egypten ~389 mdr USD, Norge ~484 mdr USD, nominellt);2024
